geo,time,search_contribution,social_contribution,video_contribution,baseline,noise
Region 1,2024-01-01,1664.99869822,1731.69160451,106.72259537,19576.11471021,94.49883462
Region 1,2024-01-08,2356.24721043,1802.09800709,540.40190042,21402.93248847,-351.44102606
Region 1,2024-01-15,1859.83073454,1808.27961958,1479.85771498,21610.06720167,49.48855571
Region 1,2024-01-22,2224.94786031,1436.03433117,1895.84864409,20059.83646785,-235.64315268
Region 1,2024-01-29,2694.61694885,1554.04799559,1551.40582775,20495.78327296,29.71417251
Region 1,2024-02-05,2239.61868568,1806.95965994,1688.06606973,21099.80351441,-17.21250767
Region 1,2024-02-12,2527.46848216,1831.62299301,1818.55409302,19858.94748706,-189.74176555
Region 1,2024-02-19,2105.96943514,1347.34876359,1691.55319118,20145.08207059,309.87573088
Region 1,2024-02-26,1607.62924448,1860.21649040,1591.22957900,20210.91891419,95.43940612
Region 1,2024-03-04,1682.24122395,1553.64116841,1438.22496658,21290.63022482,-246.59872667
Region 1,2024-03-11,2166.78705543,2145.07608691,1837.34504000,20947.05107586,539.16280719
Region 1,2024-03-18,2004.94367242,2135.17628613,1868.17834314,23095.45417856,474.88717364
Region 1,2024-03-25,1084.72412463,1815.63830875,1689.75073540,22521.07677265,-359.50962034
Region 1,2024-04-01,2054.46337282,2764.19713256,2206.38782643,21041.15011931,-656.14657873
Region 1,2024-04-08,2012.39807468,2483.28458314,1987.70824101,20317.03021513,-110.38188211
Region 1,2024-04-15,1091.11731873,2230.97554114,1964.69351556,21717.45537407,-196.24508477
Region 1,2024-04-22,2576.75305575,2020.22744086,1863.74656306,20844.38410885,320.16426021
Region 1,2024-04-29,2307.47350270,1402.94308559,1811.35086834,20683.32922853,-14.07711490
Region 1,2024-05-06,1249.57809228,1800.52120513,1968.24760006,19835.79803109,608.87472232
Region 1,2024-05-13,1403.51707365,1367.29088354,2010.25906337,20297.92977215,-125.25761412
Region 1,2024-05-20,3022.40637053,1648.72729730,1994.53850737,21310.56734426,-242.04179753
Region 1,2024-05-27,2389.46927903,1673.75604322,2076.22606739,20895.60780781,-362.02193379
Region 1,2024-06-03,2686.62630471,1683.05033951,1713.24991117,22167.27969015,144.34678477
Region 1,2024-06-10,2401.03481996,2291.37936978,2047.11228278,20496.89458916,111.23954105
Region 1,2024-06-17,1696.23540751,1880.51487394,1887.73985765,20950.10740221,9.66438479
Region 1,2024-06-24,2937.90793035,1869.29503050,1982.33586522,20968.74922105,-416.62601619
Region 1,2024-07-01,1816.24254860,1451.70867490,2333.24412420,20375.80893572,-719.79605932
Region 1,2024-07-08,1341.46814746,1810.42099482,2314.98137612,21200.30880344,-90.71862961
Region 1,2024-07-15,2254.07590115,2496.68740484,2052.46264908,20734.33965953,400.65304204
Region 1,2024-07-22,2247.96066090,2090.95902417,1830.98037403,19932.73120002,55.77549525
Region 1,2024-07-29,1975.66272283,1938.16517568,1491.61203958,20623.70975445,343.82404799
Region 1,2024-08-05,1685.90908779,2402.68103783,1539.49738846,20035.20930283,-736.82692929
Region 1,2024-08-12,2037.44486881,2149.71230448,1572.55503878,20110.60262094,-169.78008131
Region 1,2024-08-19,1775.63905785,2074.14334288,1461.33328258,20926.24955748,461.82390364
Region 1,2024-08-26,2176.61670085,2180.21652473,1226.30497889,19346.79173452,316.89692966
Region 1,2024-09-02,1754.05236821,2078.16099477,1388.75882517,19963.73167435,-100.63081572
Region 1,2024-09-09,2733.02094500,2330.05290892,1721.83879186,18643.08674958,-220.98296955
Region 1,2024-09-16,1480.37155926,2013.34257977,1765.80422927,19971.99311680,-151.92831438
Region 1,2024-09-23,2917.28501400,1377.92393353,1689.17328548,19545.47347660,246.28893903
Region 1,2024-09-30,2670.42844620,1911.04828843,1544.49062881,18683.29985202,5.31801679
Region 1,2024-10-07,2623.85108845,2076.03168433,1871.04217024,19569.82379683,-209.33077026
Region 1,2024-10-14,2183.00343556,1922.29414343,2155.92147888,19027.97734037,-347.74044796
Region 1,2024-10-21,2006.22582315,2620.05165803,2120.00116186,19277.96140895,1069.49665530
Region 1,2024-10-28,2085.42459322,2351.87900645,1781.05176420,19554.20057667,237.79369980
Region 1,2024-11-04,2315.80104568,1927.02494738,1643.45183009,20008.33555652,515.34104300
Region 1,2024-11-11,2001.04985500,1998.48493796,1846.20913934,20064.55959111,-522.79098683
Region 1,2024-11-18,2287.70114293,2077.06547283,1678.51051521,19665.32170053,-63.96351595
Region 1,2024-11-25,2170.80101535,1770.09993956,1807.85991706,20200.47629607,464.85427858
Region 1,2024-12-02,2023.93173095,1822.33897727,1418.50619225,20916.39850115,55.64973272
Region 1,2024-12-09,1115.30905917,2040.23568336,1616.24094037,20766.29110786,53.85399878
Region 1,2024-12-16,1560.79485549,1770.90919915,2099.43694273,20210.31161956,-598.20831127
Region 1,2024-12-23,1062.32809296,2143.17308534,1805.57400000,20461.29902348,-358.41533022
Region 1,2024-12-30,1452.62450538,1655.93765486,1524.98108847,20815.45776014,30.92377444
Region 1,2025-01-06,1920.45152556,2548.02885302,1428.25496451,21080.48755845,224.58297411
Region 1,2025-01-13,1911.38709978,2270.33449778,1170.18308999,20943.60786753,188.82726551
Region 1,2025-01-20,3182.02718941,2224.19578426,1423.85737316,23103.18828228,2.06069289
Region 1,2025-01-27,3004.12341613,2144.45627464,1758.43184218,20124.40775716,409.10078859
Region 1,2025-02-03,2373.34455895,2202.99114470,1586.15813257,21098.81300279,235.64957011
Region 1,2025-02-10,2339.87469280,1674.65058519,1721.37478528,22109.15354275,-513.26674432
Region 1,2025-02-17,2935.02385216,1127.75015535,1427.27658548,21088.00721922,429.92376211
Region 1,2025-02-24,2545.04149466,2268.58626099,1435.33089119,22757.89209756,556.62128140
Region 1,2025-03-03,2655.82481896,2178.70564186,1571.50194617,23275.61853324,809.54302042
Region 1,2025-03-10,2387.71148694,1772.44126134,1438.81524643,22112.50343263,-896.75015277
Region 1,2025-03-17,2043.37620839,2340.11939839,1760.08246287,21763.10158607,81.85524332
Region 1,2025-03-24,1250.65517164,2661.15705278,1622.53561197,22028.50173715,-486.07859747
Region 1,2025-03-31,2382.86548644,2280.18471674,1381.53425049,21280.94440770,-491.35032691
Region 1,2025-04-07,2487.89662323,2162.34651679,1460.46385135,22578.78946072,-533.94857538
Region 1,2025-04-14,2665.44011631,1575.18101719,2219.09075967,22891.50616160,-249.98298891
Region 1,2025-04-21,2587.43897663,1865.97418920,1919.90153829,22430.03571493,294.08306428
Region 1,2025-04-28,1935.34971839,1719.04026337,1778.64519741,21425.73661040,146.32826898
Region 1,2025-05-05,2355.76684471,1615.67713899,1618.83384665,21638.30110002,335.44448858
Region 1,2025-05-12,1972.47675447,2182.43037796,1988.91670680,23114.31709251,58.12819856
Region 1,2025-05-19,1827.40882824,3023.14005912,1928.80772837,22455.97072110,-259.78809308
Region 1,2025-05-26,2344.33978842,2832.75106841,1834.08964121,22375.83915355,155.19036751
Region 1,2025-06-02,2856.83883075,2252.90646184,2026.75103380,21943.51124277,188.72413849
Region 1,2025-06-09,2731.49434425,2523.37990315,1817.25064985,21757.78043820,-1006.96791430
Region 1,2025-06-16,2305.86098870,2497.91695249,1560.33738198,23642.54411580,357.73887034
Region 1,2025-06-23,2314.10215199,2260.10600436,1501.50871060,19835.70787638,83.30241667
Region 1,2025-06-30,2073.86216513,2177.23626471,1224.92208741,19801.10749365,-790.60899408
Region 1,2025-07-07,1706.90422804,1974.63212309,1070.06529977,22408.61686548,-597.49543718
Region 1,2025-07-14,2260.55470602,2449.09686294,886.39014400,21695.81610892,-385.54554382
Region 1,2025-07-21,2863.09263136,2190.60754757,1132.28878643,21355.78089097,-73.86716072
Region 1,2025-07-28,2960.92846681,1526.14029726,1478.19094565,20713.58215114,-106.21350418
Region 1,2025-08-04,2599.82522703,2424.09001397,1513.17622928,20070.43088794,1033.33113743
Region 1,2025-08-11,2245.24998141,2174.79920163,1463.14418784,21127.66854658,-50.23841778
Region 1,2025-08-18,1191.70655387,2265.51209288,1213.53806826,21191.45749611,441.00221472
Region 1,2025-08-25,1117.06601710,1844.23580711,1133.27325650,20520.75904902,102.94588307
Region 1,2025-09-01,2017.47821221,1919.28209075,1382.13749133,20022.02988018,-688.92152536
Region 1,2025-09-08,1883.04116765,1792.63622185,1890.15430128,19670.90625469,-348.08637941
Region 1,2025-09-15,2279.84455498,1857.60283987,1708.16273784,20668.63220954,50.24482982
Region 1,2025-09-22,2615.65652402,1706.56955640,1800.76061720,21454.66540373,-186.55042800
Region 1,2025-09-29,1981.58567550,1909.90694298,1844.92794148,20127.51273105,402.67587577
Region 1,2025-10-06,1219.18939523,1751.63909206,1982.04733368,19906.97734224,4.79907127
Region 1,2025-10-13,2037.31870095,1835.31691183,1890.61603167,20799.01172218,235.49395346
Region 1,2025-10-20,2751.01991725,1553.90904850,1830.92285278,20068.84932834,-137.62606536
Region 1,2025-10-27,2678.58546495,1731.13451409,1765.65000166,20106.41190315,-429.16279294
Region 1,2025-11-03,1598.79366747,2224.16245698,1731.85373916,22715.40675187,-106.46037210
Region 1,2025-11-10,1738.13180505,1961.86635890,1609.01545772,19731.18862549,-86.12166140
Region 1,2025-11-17,2894.73250915,1352.82846987,1637.38533280,22056.03615969,-305.25678536
Region 1,2025-11-24,2329.73974721,1816.86803274,2059.88878216,20001.54972678,-186.90442936
Region 1,2025-12-01,2369.21276428,2649.37593658,2187.57980137,20910.41720688,-873.96482161
Region 1,2025-12-08,2455.43815558,2217.27128380,1962.51155887,20541.13521037,334.08580837
Region 1,2025-12-15,1628.73498042,2991.57911521,1901.29335023,20973.19421631,135.46326903
Region 1,2025-12-22,1651.42442936,2665.69642213,1678.95806132,21106.31575179,-562.93715355
Region 2,2024-01-01,2515.46898596,1432.29749891,2314.78080330,24372.88357897,-128.78455461
Region 2,2024-01-08,2685.89570192,1920.18003273,2007.58806794,26156.87691858,-618.94519791
Region 2,2024-01-15,3605.36485981,1899.35085375,1954.30810437,26338.48944940,20.21876616
Region 2,2024-01-22,3453.95820578,1786.10976925,1867.32573926,26096.17052023,200.29758384
Region 2,2024-01-29,3099.59399059,3099.95286536,2055.17895414,26217.38301856,-707.69172198
Region 2,2024-02-05,1805.77674724,2702.34367240,2255.87170946,26627.42799363,-1098.47760728
Region 2,2024-02-12,1872.16146023,2037.35717148,2635.47340858,26032.05837540,-584.38797592
Region 2,2024-02-19,2402.16624798,2264.39688725,2376.32606624,26756.85688882,-616.81217056
Region 2,2024-02-26,2060.33577113,1717.36957847,2546.61074222,28699.24568037,607.14311084
Region 2,2024-03-04,3726.05685044,2224.92652141,2422.08435955,27770.67185922,133.53222799
Region 2,2024-03-11,3257.21332805,1959.30883155,2249.35268980,26330.38294223,-51.22589856
Region 2,2024-03-18,3971.49496138,1543.96383123,2435.76348750,26954.86117462,-358.56819022
Region 2,2024-03-25,3000.59225621,2992.03808630,2225.55590936,26931.80221270,67.37451220
Region 2,2024-04-01,3091.87659560,3531.88604975,1997.59049278,28358.87554091,292.06029732
Region 2,2024-04-08,2877.28991291,3328.05829038,2523.72097837,24842.58569129,568.99687845
Region 2,2024-04-15,3496.00502095,2540.18956055,2546.51851873,26727.90557458,787.52430657
Region 2,2024-04-22,2403.75978228,2087.76990017,2469.06854188,27903.66007991,25.36447408
Region 2,2024-04-29,1894.25545166,2941.08991266,2366.89921914,26385.34342017,289.56245816
Region 2,2024-05-06,2372.70025899,3094.58553360,2358.99946205,26052.46775236,444.75275314
Region 2,2024-05-13,2482.58358863,2554.38692950,2038.80572131,27491.27046901,-502.21425016
Region 2,2024-05-20,2944.46828971,2269.21619726,2116.27848277,26454.93408807,153.66424418
Region 2,2024-05-27,2781.60980393,1569.08814358,2544.82536696,26305.38892854,416.71735926
Region 2,2024-06-03,3046.01195375,1134.35396878,2795.56333555,26924.96841591,-285.59746960
Region 2,2024-06-10,1578.17550900,1763.06152879,3097.69069616,24564.10186903,-476.02495225
Region 2,2024-06-17,3089.13769684,1662.13243908,2892.71879822,26660.33676826,-491.21392431
Region 2,2024-06-24,2788.74797756,2131.38507138,2577.88758988,24422.72048086,-525.59430666
Region 2,2024-07-01,3148.78798659,2681.84357331,2284.55365595,26027.35706483,164.73543725
Region 2,2024-07-08,1976.11315096,2415.31571294,1835.48483713,27152.78667884,870.96019840
Region 2,2024-07-15,3299.03870763,2156.52776465,2120.94824503,25289.43212366,-54.35109915
Region 2,2024-07-22,3326.74376458,1538.23509173,2028.79599991,25195.95405714,-601.69562494
Region 2,2024-07-29,3458.25838334,1880.55172728,2074.47862669,24943.02956209,-309.21459303
Region 2,2024-08-05,2703.93408990,2133.93988507,1904.53908045,24954.20560266,219.59937153
Region 2,2024-08-12,2524.74640669,3353.06667603,1528.32626414,25229.57739540,-151.37535350
Region 2,2024-08-19,3001.75125995,3142.58586439,1281.79828326,23870.61795520,327.19733102
Region 2,2024-08-26,1871.22266885,3112.31483932,1392.51013264,24829.11552978,973.49003143
Region 2,2024-09-02,3191.78969588,2731.45915033,1084.01938611,23668.39587631,20.58954795
Region 2,2024-09-09,2720.85848074,2032.39644824,1107.44980569,23532.68919127,-753.75852231
Region 2,2024-09-16,3167.73412346,1684.45146991,1568.99731135,25526.83208669,-121.32519917
Region 2,2024-09-23,3916.81840982,2580.43097047,1557.32931331,23871.13167201,-458.13961027
Region 2,2024-09-30,3146.60894709,2926.79620441,2206.23409429,23322.44499788,-414.03000826
Region 2,2024-10-07,2605.46982869,2322.62830409,2139.15156604,22655.14613244,182.06996697
Region 2,2024-10-14,1760.05848982,2868.74859789,2388.26123876,23522.86922757,577.63434872
Region 2,2024-10-21,2059.40478235,2464.94389937,2617.65051482,23914.75036212,-380.30382131
Region 2,2024-10-28,3216.85216250,2489.59404670,2461.62558854,25981.64875086,-638.21269105
Region 2,2024-11-04,2641.73729708,3056.68114483,2451.79144027,25005.04880553,490.56810828
Region 2,2024-11-11,2016.93519273,2756.71038025,2452.91374397,23840.49854601,1257.00432439
Region 2,2024-11-18,2707.34752668,3004.41835275,2825.13013300,24653.34310810,-204.74925701
Region 2,2024-11-25,3168.53540236,2722.82028641,2612.92687195,23567.42589122,586.43920043
Region 2,2024-12-02,2204.16494482,2748.55469507,2450.18417927,25015.16079557,24.34497835
Region 2,2024-12-09,2382.00675150,2879.68036524,1974.75998491,25735.69444635,-508.67856942
Region 2,2024-12-16,1470.41968795,2436.82660397,2103.93695468,23760.44548911,-615.58129652
Region 2,2024-12-23,2381.95218579,2888.08606753,3334.13786537,25447.79202676,-316.90759717
Region 2,2024-12-30,2727.43613398,2246.50133481,3011.20025175,26361.52354292,-213.41673816
Region 2,2025-01-06,1826.45124015,2047.25353243,3121.28371852,25525.01826678,-714.53953386
Region 2,2025-01-13,3170.24434129,2487.09421710,2828.68387570,26494.17227904,144.78020531
Region 2,2025-01-20,3147.22762480,2354.50799556,2703.26842643,27289.04780959,-89.79781281
Region 2,2025-01-27,2880.06605144,2105.14649799,2536.49841540,25965.69993520,351.37387921
Region 2,2025-02-03,3540.80216865,1852.54237002,2668.81617837,26467.24109704,-223.61636699
Region 2,2025-02-10,2668.05535442,2129.39884607,2427.87271862,26247.70942319,-494.37337505
Region 2,2025-02-17,1514.09399802,3595.59315330,2391.53835699,27202.87005105,-463.69566882
Region 2,2025-02-24,962.49595858,2879.32227245,2163.51730593,26360.13547314,452.37524980
Region 2,2025-03-03,2409.27436980,2836.25049256,2227.00580264,27765.41656714,450.41050479
Region 2,2025-03-10,1588.09339736,2897.59192252,2257.07478724,26731.75678687,861.28996420
Region 2,2025-03-17,2553.13431163,2582.86737275,2370.77318512,28423.77023602,-806.14945714
Region 2,2025-03-24,2848.24871127,3011.60818005,2983.91150926,29268.98832563,-40.18848616
Region 2,2025-03-31,3668.80054665,2505.13767806,2741.11637586,27899.15454868,469.10026926
Region 2,2025-04-07,2891.11572958,2273.90946462,2303.12899932,27329.88878242,-136.94335208
Region 2,2025-04-14,3138.65068915,2180.78050663,2431.15129352,26335.60957353,-392.07515285
Region 2,2025-04-21,3079.63595138,2995.83900149,2126.97877837,27251.09228293,-346.22009315
Region 2,2025-04-28,2469.45511611,2843.17609728,1706.15457020,28377.03029060,-210.29342196
Region 2,2025-05-05,3547.34745041,2555.68513448,2176.03483617,27314.18276966,-1168.46290823
Region 2,2025-05-12,2987.70790143,1841.84793056,2728.55244260,28681.45804500,915.57971678
Region 2,2025-05-19,3087.03761551,1365.31785924,2471.53961084,26957.38668932,-467.67789054
Region 2,2025-05-26,3180.78816969,2215.56896287,2182.75583229,26863.50414489,-132.95773469
Region 2,2025-06-02,1756.76128007,2086.71156267,2033.11332135,27347.10919614,837.49771430
Region 2,2025-06-09,2866.96211117,2140.81286677,2500.35886939,27312.44758107,-483.63814874
Region 2,2025-06-16,2572.36429161,1664.75291642,2314.86832791,25398.66478354,-123.61906023
Region 2,2025-06-23,2765.23621503,1641.55893063,2091.64458025,26110.43890246,367.03041700
Region 2,2025-06-30,2976.70991129,2435.36227343,1811.18564802,26033.37567009,-9.95935715
Region 2,2025-07-07,3026.43421787,2824.93773225,1953.90253331,26231.11006505,-56.86974911
Region 2,2025-07-14,2275.70821659,2514.66971327,2091.36562170,26315.26659032,217.05766118
Region 2,2025-07-21,3286.23922995,2252.10871631,1668.22999280,26286.17260765,651.97997830
Region 2,2025-07-28,3246.98314090,2510.42216623,1815.00760126,26238.65581901,234.14147532
Region 2,2025-08-04,2350.22323794,2874.90099766,1886.47298504,24195.46284968,280.45437927
Region 2,2025-08-11,2733.29486194,2122.48111828,1900.25721031,26243.59520635,-394.64126082
Region 2,2025-08-18,2729.76884411,2099.06000348,1874.51719629,26090.39608275,31.85073792
Region 2,2025-08-25,1490.94546702,1800.60849049,2010.68437316,25369.97690569,198.43484583
Region 2,2025-09-01,3313.46369045,1786.54409479,1936.34581157,26410.73908069,14.65276916
Region 2,2025-09-08,2235.89232913,2987.01291779,1929.01643045,24596.65208148,-192.37832214
Region 2,2025-09-15,1752.96727293,2632.47975252,2148.57892060,25732.70532326,-323.69705003
Region 2,2025-09-22,1050.99065241,2450.82873659,2465.64101588,24743.50459470,-169.32322830
Region 2,2025-09-29,972.71689270,2549.44119838,2490.39501974,25536.59303297,18.91784169
Region 2,2025-10-06,2253.57607802,1723.52956314,2076.78092013,24452.84389543,604.69320930
Region 2,2025-10-13,1766.84246972,2499.84960229,2537.88097585,25477.61015092,752.39540621
Region 2,2025-10-20,3151.72747348,2687.48945196,2277.81614232,25635.18318286,273.20212109
Region 2,2025-10-27,3933.90512446,2231.09135474,1884.88357152,26104.14036275,637.66946039
Region 2,2025-11-03,2736.87707172,2342.47539992,1579.28803305,26258.31087319,-28.32175052
Region 2,2025-11-10,2953.73052067,2162.46272864,2105.85608749,25473.40448470,138.34993723
Region 2,2025-11-17,1768.49451061,1403.43904243,2468.08535953,26184.10473629,-711.68663482
Region 2,2025-11-24,3574.95972700,2491.36085431,2291.81017953,26993.32645376,-177.61592373
Region 2,2025-12-01,2354.03647556,2402.33260520,2473.58193884,27175.56767719,-99.52036496
Region 2,2025-12-08,2868.07830561,2951.68268465,2404.34481133,27377.90731507,-135.08036534
Region 2,2025-12-15,2469.04656480,2273.57177023,2051.78254957,28110.34290147,-297.49685365
Region 2,2025-12-22,1097.39773787,2796.55278649,2544.49826220,26751.63033296,-46.91682509
Region 3,2024-01-01,2179.14109771,494.43583804,1485.41731477,30545.41804884,196.37805179
Region 3,2024-01-08,2428.50126217,2558.10918610,1855.95063360,30843.42984925,523.25180996
Region 3,2024-01-15,2617.86912189,2437.08584610,1914.62481529,29212.67353890,-895.46707918
Region 3,2024-01-22,3598.05562815,2856.38156939,2357.03685571,33029.46247405,488.68505709
Region 3,2024-01-29,3686.75386982,2924.35471244,2972.21579715,31177.41277288,-43.79849687
Region 3,2024-02-05,2245.87115249,2715.17583493,2552.46130259,29946.06211873,1318.64420431
Region 3,2024-02-12,2846.90799135,2631.30715846,2539.08906331,31170.17737778,-685.27921669
Region 3,2024-02-19,3174.00567901,3056.83431396,2783.24781706,29083.15554752,-388.75022491
Region 3,2024-02-26,3162.58477171,2289.33045596,2590.15862308,31703.82152152,248.34111090
Region 3,2024-03-04,2984.01957474,3395.79975340,3366.65293665,32292.98363764,-112.11837761
Region 3,2024-03-11,3131.67564010,2565.89796578,2806.11899538,34403.25845654,-155.01153668
Region 3,2024-03-18,2457.59743586,2629.80230030,2751.65218708,30665.72887491,-810.68037592
Region 3,2024-03-25,3503.33065851,2751.93947744,2796.41842281,33064.46896796,253.03491240
Region 3,2024-04-01,4366.00058114,2184.05223225,2408.84504839,32895.19777626,-49.87422112
Region 3,2024-04-08,3997.64803339,2465.18048367,2421.57730852,35383.62106001,257.79963557
Region 3,2024-04-15,4277.63183301,2282.83998444,3044.88379465,31319.49372803,-222.81135679
Region 3,2024-04-22,3514.18569087,2504.74699367,3166.36550047,32510.54945450,-840.41650965
Region 3,2024-04-29,1673.37259194,2597.27428440,3104.55905788,32851.20805833,-391.53154141
Region 3,2024-05-06,4136.11961235,2761.96833859,3968.38303258,33004.85980220,135.11050058
Region 3,2024-05-13,4054.36029264,2502.23015841,3549.99461476,30901.53536802,1144.24715297
Region 3,2024-05-20,4165.76636475,1732.98756479,3409.39996443,31468.67717072,1222.67786572
Region 3,2024-05-27,3183.16272956,2553.80210758,3486.62683974,33272.36451818,501.47645642
Region 3,2024-06-03,3918.59860141,2617.73283567,3110.66956495,30785.83042999,-61.51901941
Region 3,2024-06-10,4167.25474346,2543.97937015,2724.00131586,30998.49444013,62.65251572
Region 3,2024-06-17,3926.71424947,2238.77561740,2299.95137765,32509.83814895,686.80386174
Region 3,2024-06-24,3156.78800028,1518.69476621,1746.31018550,31827.09358036,-500.08183209
Region 3,2024-07-01,3241.84032622,3064.63287262,1664.12835365,32580.66782172,342.24146124
Region 3,2024-07-08,2721.18789611,2846.03015604,1889.22019186,29423.15859772,827.38671628
Region 3,2024-07-15,3400.67919748,1937.35740935,1410.61788631,28892.48880424,-616.04155435
Region 3,2024-07-22,3709.58456653,2417.99776701,1120.28545790,31565.34695572,-793.05087385
Region 3,2024-07-29,3667.15400402,2257.10792417,1076.23354345,29042.70786410,438.30952665
Region 3,2024-08-05,2444.34148825,2217.20425617,2160.44554170,30181.84386034,927.29376774
Region 3,2024-08-12,2621.91061336,2088.28409705,2330.11140221,28700.04981743,275.97880042
Region 3,2024-08-19,4631.05299110,3935.65510691,2459.63455866,28027.69528864,-378.65766522
Region 3,2024-08-26,3401.78248731,3591.92153038,2164.13013390,29132.58365276,-1255.80955052
Region 3,2024-09-02,2430.50953686,2872.91681925,2391.04192853,29117.23787842,819.05155523
Region 3,2024-09-09,3005.98617324,3581.43664851,2070.23464007,27993.84721667,-48.86522546
Region 3,2024-09-16,2421.80766796,3382.42398962,2312.39024557,29772.51866472,-242.13482264
Region 3,2024-09-23,2991.78846926,3204.27238255,1970.01541488,30476.26415482,183.53855479
Region 3,2024-09-30,3844.98771678,2901.24134956,2151.47558419,30294.62403454,-500.45150642
Region 3,2024-10-07,3117.27515525,3579.43490931,2136.94834822,30366.06011441,348.49092127
Region 3,2024-10-14,3450.24824147,3150.57475249,2316.42125358,29335.48162770,-28.39490298
Region 3,2024-10-21,2172.73758947,3053.66908831,3187.53282889,30693.97865503,-888.46319009
Region 3,2024-10-28,1760.58385274,2280.70183447,3209.85530082,29414.64626177,-955.32244177
Region 3,2024-11-04,1384.08021868,2143.46484760,3007.39760564,28545.69660255,541.34237286
Region 3,2024-11-11,1455.85313745,2119.82872527,2635.57909101,28249.83800745,656.75481348
Region 3,2024-11-18,3629.46904024,2307.08442965,2145.72819612,29547.68759099,-980.81449927
Region 3,2024-11-25,3889.26903889,1875.07778097,1693.37982148,31448.19730550,518.91833658
Region 3,2024-12-02,4544.28014156,3197.14719031,3404.95094643,31173.33816010,469.61151989
Region 3,2024-12-09,3478.71887907,2821.68483200,3185.86902278,29699.96716615,355.20285107
Region 3,2024-12-16,3294.04366745,2297.44244901,3113.23936237,30370.29531699,-160.47580386
Region 3,2024-12-23,2990.87172079,2971.26526602,3141.68023829,31997.10041177,558.65253429
Region 3,2024-12-30,3603.70993303,2571.59468925,2989.96426488,31218.25932119,-102.53522217
Region 3,2025-01-06,1909.08563964,2634.57167674,3020.76938287,32483.75847707,-743.69729754
Region 3,2025-01-13,2491.22764369,2436.12042439,2560.49764998,32038.32723729,321.64718854
Region 3,2025-01-20,3902.60978127,1801.19378488,2708.61991769,30479.39698806,-1061.32038585
Region 3,2025-01-27,3668.67459013,1345.09693917,2627.27148037,31058.98754602,429.98250934
Region 3,2025-02-03,3608.31039408,1661.12671979,2775.11397377,32224.70943212,198.54481732
Region 3,2025-02-10,4240.87561641,2388.19276297,2820.97513102,31761.18175633,662.17259469
Region 3,2025-02-17,3277.53067106,2364.80668839,2630.79207900,33974.76469802,640.87232035
Region 3,2025-02-24,3697.88911790,2750.77182424,3281.95974481,33358.22574367,142.04990372
Region 3,2025-03-03,2273.35896209,2625.31762279,2893.45784359,33327.91465412,79.26909719
Region 3,2025-03-10,3261.63375682,3222.04744612,2850.59995163,33652.20380781,-200.60923773
Region 3,2025-03-17,2208.74495498,2353.53140323,2651.74347912,32742.75286489,-520.23035817
Region 3,2025-03-24,3705.32342260,3219.13250886,2334.43679867,33755.45564943,-122.61581697
Region 3,2025-03-31,3267.12657378,2980.75672034,1818.58751627,32982.21681729,-328.11786341
Region 3,2025-04-07,3596.98956211,2664.69344302,3249.92981656,33468.17156482,1251.23813432
Region 3,2025-04-14,3695.51239005,2933.82728917,3293.99065564,32759.23777984,326.94444225
Region 3,2025-04-21,2428.98058571,2001.08661448,3088.53607395,33008.72960362,442.62119589
Region 3,2025-04-28,3773.65163348,2441.03380943,2927.60589381,34016.01699984,69.21506679
Region 3,2025-05-05,4088.60121912,1884.97402532,2714.87347488,33888.77233121,138.88154619
Region 3,2025-05-12,3270.00178698,2075.34361078,3300.52140508,33700.96027126,1048.62967614
Region 3,2025-05-19,3618.32356552,1557.67589410,3262.07641012,31466.95340645,-257.54546380
Region 3,2025-05-26,3202.87144699,2271.28429251,2720.82577473,30569.93984447,335.50759318
Region 3,2025-06-02,3451.39654606,1973.61755358,2667.63671619,30715.52283209,-21.50202535
Region 3,2025-06-09,1908.46111793,2184.29113626,2190.37812612,32528.25711531,269.36019827
Region 3,2025-06-16,3314.24443256,2321.35835232,2362.39378525,32762.90425504,-799.05060122
Region 3,2025-06-23,3017.55298825,2710.40066665,2070.24260060,31835.69791953,-47.26165207
Region 3,2025-06-30,3637.07155663,2767.28185466,1954.49639115,30551.38460885,-214.42892778
Region 3,2025-07-07,3110.47533800,3430.59499830,2986.05258592,28873.78818024,85.25335420
Region 3,2025-07-14,2837.55060976,2793.63502834,2853.01389334,30465.22905236,130.48241193
Region 3,2025-07-21,2591.23489439,3338.97043432,2525.16485073,31598.70452269,220.99652494
Region 3,2025-07-28,3711.35859014,2967.07816302,2796.77324761,30768.20839788,-405.35572396
Region 3,2025-08-04,3610.60119791,2160.96600772,2709.88359939,32487.55153612,-1144.05680900
Region 3,2025-08-11,3121.13831238,1797.01438569,2984.36134016,33271.97764856,169.11767691
Region 3,2025-08-18,2936.74894084,1351.25493857,3355.86516126,30988.59252209,2.63792222
Region 3,2025-08-25,3572.22437129,1018.26444853,3269.91972605,31503.16840941,282.84346002
Region 3,2025-09-01,3554.97148838,3073.96297337,2883.50533769,29133.29994781,-27.62826056
Region 3,2025-09-08,3116.77671246,2440.74947561,3203.54238601,31330.49512881,485.94597470
Region 3,2025-09-15,3423.60440184,2368.63165801,2842.93804445,30984.15767858,-601.08749971
Region 3,2025-09-22,3437.74888340,2198.45041145,3170.78671972,29918.73302291,63.19273973
Region 3,2025-09-29,3114.53341634,3234.79694041,2971.52887734,32350.10796794,-32.88514691
Region 3,2025-10-06,3525.10572885,3197.29831628,2851.72291398,31401.38730764,-281.12676935
Region 3,2025-10-13,1889.11665399,2418.52331045,3281.60602403,29602.71156857,88.89550824
Region 3,2025-10-20,923.21375695,2734.39541602,3340.53660897,30377.71568300,917.84023236
Region 3,2025-10-27,2844.61282271,2612.46705945,2737.45632461,30395.55081787,85.71316623
Region 3,2025-11-03,2976.47773549,2381.24896007,2927.10352192,30693.50248308,105.34643292
Region 3,2025-11-10,2989.94776964,2783.82211877,3079.68332909,30577.25471656,-61.76425500
Region 3,2025-11-17,3836.56522263,3217.23334603,2862.26763279,31308.79028664,320.10153064
Region 3,2025-11-24,4544.14908146,3164.33608588,2529.34863233,31404.24593214,-94.59519446
Region 3,2025-12-01,3286.43373897,3184.35128756,2455.12328790,32887.12644274,-217.06179896
Region 3,2025-12-08,3070.70270961,3044.97596800,2253.03366884,31220.26938383,-1.89794410
Region 3,2025-12-15,2284.79916408,2864.48550956,2744.14298359,30097.13165255,-560.68171237
Region 3,2025-12-22,3131.57237382,2694.96114323,2826.27764885,30165.65851393,191.10894855
Region 4,2024-01-01,2213.88527950,2387.40830231,1740.56163304,36270.33959410,40.46566380
Region 4,2024-01-08,4465.26821591,2741.20070813,3062.09932605,36122.68118057,-726.20939454
Region 4,2024-01-15,3512.20932788,2008.53474652,2663.38350984,35786.93834940,-346.10896806
Region 4,2024-01-22,3345.29402930,2223.30125778,3532.58127715,36216.93877530,272.26281167
Region 4,2024-01-29,4046.95617304,1687.07919823,3177.70756165,34752.88142039,120.87242446
Region 4,2024-02-05,2585.73522722,3866.58234028,2845.67597723,36577.60863041,-749.32161804
Region 4,2024-02-12,3454.52986892,3526.52926429,2593.61564110,37580.60299795,-281.64302782
Region 4,2024-02-19,3814.27725489,2727.82783926,4278.79733663,35961.82525663,333.93522486
Region 4,2024-02-26,5095.94739309,2784.40303564,3952.82199184,35369.89807191,416.96585662
Region 4,2024-03-04,5246.88478472,3209.13675522,3440.24608840,35749.70485684,964.73157406
Region 4,2024-03-11,4382.14223554,2383.53517350,3447.22793714,38119.66422816,193.63739484
Region 4,2024-03-18,3730.30623954,3456.94305685,3280.34394741,39841.34014673,21.56408717
Region 4,2024-03-25,4632.09738830,3826.72951984,3003.39348444,36579.06173397,574.97211442
Region 4,2024-04-01,4114.03182802,3425.16438289,3048.24506728,37577.72866017,-371.02066199
Region 4,2024-04-08,4404.59029887,3446.02937374,3413.03022038,36684.46361161,268.95008330
Region 4,2024-04-15,3873.60391558,3181.60347027,3201.21257157,38040.61760645,-60.82233931
Region 4,2024-04-22,2899.94080419,4146.74714010,3207.58977518,38225.27904368,842.53492883
Region 4,2024-04-29,2763.17727779,3869.90359729,3116.44506585,37943.13266684,1062.25489204
Region 4,2024-05-06,2826.78975362,3685.02643123,3071.41260706,39295.64599207,-812.48083799
Region 4,2024-05-13,3584.02715341,2963.30380172,2875.70317473,37905.43813670,114.69129648
Region 4,2024-05-20,4623.27673207,3288.40685722,3115.59853984,37488.83533843,-1036.02002752
Region 4,2024-05-27,4828.63723372,4233.31164299,3334.85324068,36150.21004632,299.33339273
Region 4,2024-06-03,3566.73694712,4149.00963298,3283.65567685,36381.85598249,778.85958041
Region 4,2024-06-10,1943.19321658,4201.87905937,3413.74016740,34092.61129393,-438.30120572
Region 4,2024-06-17,3786.28868080,4212.24126537,3298.12460698,35060.05524134,-352.62216487
Region 4,2024-06-24,4869.10865879,3166.58325914,2658.29257772,36989.01915928,255.48632711
Region 4,2024-07-01,3385.03765941,3445.46199960,2687.71909052,37093.94735021,-186.44641144
Region 4,2024-07-08,3221.49348243,3621.52956824,2429.87648645,37473.87936441,426.25925044
Region 4,2024-07-15,4258.88583491,2988.70684569,1854.55788445,35259.03000944,-607.75841010
Region 4,2024-07-22,4730.46800640,3065.38293825,2107.84479911,36417.46385780,-758.43227279
Region 4,2024-07-29,3050.68949504,3146.38914637,1981.01478652,33752.88981505,672.42737942
Region 4,2024-08-05,3261.42972098,4061.43657871,1828.05498112,34780.86945944,1262.76796136
Region 4,2024-08-12,2884.05562059,3685.26349581,1901.31270249,36935.61694187,67.52295243
Region 4,2024-08-19,4922.41596339,2863.34464141,1607.84179790,34346.57752131,63.29267472
Region 4,2024-08-26,4280.53202529,2814.78157559,1962.60623450,34535.55235891,599.83314273
Region 4,2024-09-02,4527.81514210,1975.74815664,2544.31140928,34191.84831791,-341.84278781
Region 4,2024-09-09,3396.62410680,2500.88456796,2261.17429125,33872.42584680,1346.90636774
Region 4,2024-09-16,3743.94076963,4478.15628669,1849.19389540,34359.79430200,-607.40968922
Region 4,2024-09-23,3566.11674159,3823.96867520,1735.46281694,36164.67783303,-48.98779472
Region 4,2024-09-30,2804.59484308,3462.05786423,2307.95516869,33713.56667995,-152.77752984
Region 4,2024-10-07,3432.66240003,3523.67121863,2751.98539905,35662.22654082,-724.48824103
Region 4,2024-10-14,4767.24248023,4128.49746312,3234.72086279,34638.46329320,232.70837810
Region 4,2024-10-21,3367.13138042,4669.35669486,3009.40023002,34359.21589751,-976.19013715
Region 4,2024-10-28,3446.28369464,4145.39823352,3398.14711773,33296.70825607,-1086.35969867
Region 4,2024-11-04,4457.17070001,3241.31603730,3383.72222476,35320.59258894,204.42361934
Region 4,2024-11-11,4167.98395586,2751.15201288,2891.97385857,33084.88907990,-7.12046100
Region 4,2024-11-18,3582.29264267,2134.50875634,2432.14574316,33805.67676093,574.23279426
Region 4,2024-11-25,1632.49085118,2800.88263283,2501.70906200,31006.52166003,-918.26486206
Region 4,2024-12-02,2747.00560343,2645.65256015,3165.19232567,35449.66871063,-713.10054225
Region 4,2024-12-09,3311.50658427,3038.57672786,2643.73769446,36766.87310608,-232.34119659
Region 4,2024-12-16,2371.98547863,2967.36532889,2440.39591271,37091.30314814,0.90577740
Region 4,2024-12-23,3611.84983728,2639.43861985,2668.57113552,35659.37194280,289.63462880
Region 4,2024-12-30,2306.83609515,3212.20103321,2187.58750626,34672.80155185,-1015.79699244
Region 4,2025-01-06,3897.14631235,2832.07250217,2332.41652750,36125.04333133,-863.68281720
Region 4,2025-01-13,3360.73542143,2987.72896898,2650.48102268,37592.93822002,-37.82610027
Region 4,2025-01-20,2812.78949390,4195.43718778,2355.88063075,33880.81540906,-202.24690767
Region 4,2025-01-27,3053.49797164,4271.33272068,3625.63480073,39066.53309500,-609.32947636
Region 4,2025-02-03,3129.11947558,4490.60136131,3450.24206434,36478.56869275,-1040.86092078
Region 4,2025-02-10,3396.06808451,3815.04254145,2908.64568580,38145.18526326,1102.66082999
Region 4,2025-02-17,3383.99264218,3392.53065661,2940.31565127,36445.24021321,214.13627650
Region 4,2025-02-24,2449.51836716,3358.46426248,2409.76596441,40240.51373104,712.95353844
Region 4,2025-03-03,3586.67639883,2494.10640951,2111.82107244,40095.32582906,880.37441389
Region 4,2025-03-10,4910.75723143,2903.10226977,2361.24540067,40810.33045171,-95.46106821
Region 4,2025-03-17,4727.41704099,2574.26649314,3219.83851073,37711.28306743,-1253.96392876
Region 4,2025-03-24,4863.95484838,2774.20533023,3306.79037318,39531.47885935,-1079.02599367
Region 4,2025-03-31,4146.00049165,2943.93056747,3793.62464467,40721.17924137,-789.62675280
Region 4,2025-04-07,2381.81173913,2786.33002117,3332.70710471,39334.57777153,27.68454002
Region 4,2025-04-14,3645.16389113,2613.28943831,3437.04043513,37613.19339859,1003.29730902
Region 4,2025-04-21,3970.07532516,2679.92049724,3631.63883266,36203.08874891,-250.05461645
Region 4,2025-04-28,3278.89194457,3287.25268582,3635.17974330,39173.48141644,529.88566558
Region 4,2025-05-05,3693.54547844,3387.60728579,3570.85055667,40095.92307714,-571.65030346
Region 4,2025-05-12,4115.58838769,2837.40728136,3223.11728642,37915.46202732,-115.42650685
Region 4,2025-05-19,3874.35840561,2829.19783847,3743.90666721,39253.94002322,82.09266099
Region 4,2025-05-26,3814.37059992,3561.46758599,3264.36838297,37711.07099430,-336.33356236
Region 4,2025-06-02,1986.85098493,3216.54182932,2959.73568693,37953.35665134,-699.58368974
Region 4,2025-06-09,3978.72641577,3454.29173799,3278.18478611,33798.19916191,-452.26738415
Region 4,2025-06-16,4162.14434419,3591.11781787,2925.93201584,37353.74456035,-687.92709997
Region 4,2025-06-23,2991.28009530,3639.49160144,2576.88233281,37008.47946814,1367.96365913
Region 4,2025-06-30,2726.82743190,3361.43524600,3878.84692799,39356.13113410,957.64053318
Region 4,2025-07-07,2717.72588560,3018.13585757,3444.33188323,37109.52817083,349.38884596
Region 4,2025-07-14,2452.37553098,2917.74971771,3812.25827955,37527.09427508,-627.09804688
Region 4,2025-07-21,2978.66309004,3830.44856996,3481.82532180,35312.65369788,252.57948541
Region 4,2025-07-28,3276.60828329,3160.85760260,3537.98648279,36029.73051144,560.93288471
Region 4,2025-08-04,3424.07081887,2554.62204236,3893.11597795,36539.87031606,767.25378777
Region 4,2025-08-11,3471.78956319,1753.05557449,3666.20496677,37605.36454813,191.05924340
Region 4,2025-08-18,3432.23852880,3771.58811705,3802.98613078,33646.88880317,516.09185786
Region 4,2025-08-25,3928.12107075,3901.54553519,3507.17073143,35718.24892357,-149.75349157
Region 4,2025-09-01,4684.40598162,3922.28606027,3707.16760545,35453.40522239,108.77604042
Region 4,2025-09-08,3608.67130025,3855.09263686,3713.86014883,38001.37968328,-1108.31423111
Region 4,2025-09-15,4359.92005963,2977.06375586,3085.20126268,35405.99080859,824.11392157
Region 4,2025-09-22,2920.82655336,3702.27378117,3791.86174072,35455.45177158,-685.69607455
Region 4,2025-09-29,4029.78705886,3527.61021561,3767.75301967,34326.22110395,-128.19129874
Region 4,2025-10-06,3205.71584926,2972.65769623,3132.54146002,34714.56132908,283.58551258
Region 4,2025-10-13,4028.24270039,3564.17729425,3849.22825967,35149.17671756,-320.16423621
Region 4,2025-10-20,4555.53015680,3657.39041379,3692.86420666,36171.14500399,329.33193896
Region 4,2025-10-27,3061.33704856,3565.75303738,3911.67238425,36058.05441268,-1373.41707627
Region 4,2025-11-03,3867.08355353,2850.82395299,3608.24961859,35493.03813912,-73.88728983
Region 4,2025-11-10,3913.52320517,2611.27652192,3277.87323786,36639.71571533,753.44538899
Region 4,2025-11-17,3227.79849115,3921.73312922,3516.76519948,36605.34145601,-159.22528946
Region 4,2025-11-24,3573.92400910,3212.13684240,3013.29233495,37241.70672866,1029.65625776
Region 4,2025-12-01,3538.00154267,2899.15780046,2446.80420623,37096.89872282,-210.99680618
Region 4,2025-12-08,3335.78915281,2738.22348039,1998.71288640,36502.24711272,644.84787635
Region 4,2025-12-15,4436.28439324,2162.00031774,2638.67216756,37324.29680303,185.24018457
Region 4,2025-12-22,3960.10646926,2320.99489393,2371.78378477,36916.08912808,774.40973510
