,mcse_mean,mcse_sd,ess_bulk,ess_tail,r_hat
alpha_m[Search],0.000408,0.000289,8099.991582,5164.883731,0.999826
alpha_m[Social],0.000511,0.000361,7278.43164,5194.829584,1.00041
alpha_m[Video],0.000423,0.0003,7929.583524,5576.442947,0.999943
"beta_gm[Region 1, Search]",0.003578,0.002545,5359.238819,6571.37276,1.000128
"beta_gm[Region 1, Social]",0.004501,0.003183,6216.974662,6822.287575,1.000183
"beta_gm[Region 1, Video]",0.004382,0.003098,7081.123185,7076.788062,0.999884
"beta_gm[Region 2, Search]",0.003369,0.002424,5221.223187,5148.551993,1.000745
"beta_gm[Region 2, Social]",0.003951,0.002803,6061.78461,6554.733646,1.000541
"beta_gm[Region 2, Video]",0.004286,0.003031,7481.908778,7262.487423,1.000365
"beta_gm[Region 3, Search]",0.003156,0.002251,5931.695565,6144.640864,1.00067
"beta_gm[Region 3, Social]",0.003347,0.002374,7474.966031,7433.695459,1.00005
"beta_gm[Region 3, Video]",0.004461,0.003154,7716.085962,7146.564444,0.999764
"beta_gm[Region 4, Search]",0.004413,0.003157,3007.885043,3932.476252,1.001754
"beta_gm[Region 4, Social]",0.005019,0.003549,4021.265119,5631.513848,1.000545
"beta_gm[Region 4, Video]",0.004317,0.003053,6997.058432,5772.729034,1.000124
beta_m[Search],0.001632,0.001154,4797.076312,5543.158695,1.000422
beta_m[Social],0.002232,0.001578,6337.039052,5905.209951,1.000556
beta_m[Video],0.00193,0.001365,6854.150739,6277.122104,1.000089
ec_m[Search],0.004858,0.003436,2256.570911,2953.3438,1.002421
ec_m[Social],0.006657,0.004707,2928.202377,4006.347412,1.000408
ec_m[Video],0.007373,0.005214,3397.508044,3883.037774,1.000827
eta_m[Search],0.002147,0.001518,3174.587694,3099.738203,1.000909
eta_m[Social],0.003366,0.00238,2916.299601,3352.430665,1.000487
eta_m[Video],0.002508,0.001773,3524.233244,3883.227552,1.000017
gamma_c[demand],0.001189,0.000841,3877.621055,2831.519086,1.001861
gamma_c[price],0.000898,0.00069,3600.82682,2577.042161,1.000776
"gamma_gc[Region 1, demand]",0.000398,0.000282,8062.718373,6312.473272,1.000174
"gamma_gc[Region 1, price]",0.000276,0.000195,7768.945288,7301.964117,1.000297
"gamma_gc[Region 2, demand]",0.000298,0.000212,11892.337633,6344.900047,1.000221
"gamma_gc[Region 2, price]",0.000311,0.00022,6594.322398,6724.992759,0.999746
"gamma_gc[Region 3, demand]",0.000306,0.000217,11955.730986,6253.783186,1.000832
"gamma_gc[Region 3, price]",0.000241,0.00017,9265.650061,7592.521093,1.000245
"gamma_gc[Region 4, demand]",0.000314,0.000223,11864.539581,7001.240037,1.001128
"gamma_gc[Region 4, price]",0.000226,0.00016,10193.773267,7542.671975,1.000148
knot_values[0],0.010795,0.007677,1074.442686,1454.51325,1.006206
knot_values[1],0.01147,0.008157,1045.537966,1418.893549,1.00629
knot_values[2],0.011125,0.007911,1032.083542,1414.800867,1.006291
knot_values[3],0.011242,0.008001,1049.366586,1403.574924,1.006516
knot_values[4],0.011193,0.007962,1029.344272,1422.491869,1.006264
knot_values[5],0.011356,0.008082,1039.363501,1347.047135,1.006384
knot_values[6],0.011345,0.008082,1055.854204,1455.017941,1.006006
knot_values[7],0.014323,0.010639,6402.202775,4979.613902,1.000648
mu_t[2024-01-01],0.010795,0.007677,1074.442686,1454.51325,1.006206
mu_t[2024-01-08],0.010837,0.007707,1063.587408,1424.933851,1.006275
mu_t[2024-01-15],0.01088,0.007737,1053.584525,1403.04464,1.006327
mu_t[2024-01-22],0.010925,0.007768,1045.547005,1403.385003,1.006387
mu_t[2024-01-29],0.01097,0.007799,1038.938195,1404.525782,1.006428
mu_t[2024-02-05],0.011016,0.007832,1033.645142,1380.794133,1.006451
mu_t[2024-02-12],0.011063,0.007865,1029.343883,1361.116876,1.006476
mu_t[2024-02-19],0.011111,0.007899,1026.851997,1415.784986,1.006492
mu_t[2024-02-26],0.01116,0.007934,1025.857208,1413.5629,1.006496
mu_t[2024-03-04],0.011209,0.007969,1026.258798,1411.60528,1.006472
mu_t[2024-03-11],0.01126,0.008005,1027.908957,1396.580133,1.006465
mu_t[2024-03-18],0.011311,0.008042,1030.883383,1376.314662,1.006426
mu_t[2024-03-25],0.011363,0.00808,1035.219412,1413.478364,1.006392
mu_t[2024-04-01],0.011416,0.008118,1039.518634,1392.650484,1.006346
mu_t[2024-04-08],0.01147,0.008157,1045.537966,1418.893549,1.00629
mu_t[2024-04-15],0.011445,0.008138,1039.856841,1402.267961,1.006326
mu_t[2024-04-22],0.01142,0.00812,1034.967841,1370.057339,1.006358
mu_t[2024-04-29],0.011395,0.008102,1031.143561,1376.657052,1.006387
mu_t[2024-05-06],0.011371,0.008085,1027.471248,1387.194254,1.006393
mu_t[2024-05-13],0.011347,0.008067,1024.265532,1381.341208,1.006413
mu_t[2024-05-20],0.011323,0.00805,1021.972644,1396.189969,1.006429
mu_t[2024-05-27],0.011299,0.008033,1020.445427,1396.303277,1.006431
mu_t[2024-06-03],0.011276,0.008017,1019.129717,1393.989116,1.006426
mu_t[2024-06-10],0.011254,0.008001,1018.755933,1404.354929,1.006426
mu_t[2024-06-17],0.011231,0.007985,1019.175028,1414.93576,1.006417
mu_t[2024-06-24],0.011209,0.00797,1020.536985,1409.871023,1.006402
mu_t[2024-07-01],0.011188,0.007955,1022.347172,1399.187958,1.006375
mu_t[2024-07-08],0.011166,0.00794,1024.810308,1394.191816,1.006352
mu_t[2024-07-15],0.011145,0.007926,1028.117293,1422.076629,1.006318
mu_t[2024-07-22],0.011125,0.007911,1032.083542,1414.800867,1.006291
mu_t[2024-07-29],0.01113,0.007915,1029.968833,1376.697439,1.006333
mu_t[2024-08-05],0.011136,0.00792,1027.791797,1353.386506,1.006367
mu_t[2024-08-12],0.011142,0.007924,1026.541942,1350.710906,1.006403
mu_t[2024-08-19],0.011149,0.007929,1025.933558,1340.11787,1.006434
mu_t[2024-08-26],0.011155,0.007934,1025.757202,1339.588479,1.006455
mu_t[2024-09-02],0.011163,0.00794,1025.793461,1335.232937,1.006482
mu_t[2024-09-09],0.01117,0.007945,1026.533946,1345.892057,1.006496
mu_t[2024-09-16],0.011178,0.007951,1027.376115,1372.743435,1.006518
mu_t[2024-09-23],0.011186,0.007958,1029.019279,1365.77832,1.006537
mu_t[2024-09-30],0.011195,0.007964,1031.182487,1351.458755,1.006549
mu_t[2024-10-07],0.011204,0.007971,1033.973654,1360.126878,1.006557
mu_t[2024-10-14],0.011213,0.007978,1037.210708,1380.211217,1.006542
mu_t[2024-10-21],0.011222,0.007986,1040.867483,1375.558442,1.006533
mu_t[2024-10-28],0.011232,0.007993,1045.077662,1403.694364,1.006528
mu_t[2024-11-04],0.011242,0.008001,1049.366586,1403.574924,1.006516
mu_t[2024-11-11],0.011236,0.007996,1042.420771,1393.283887,1.006545
mu_t[2024-11-18],0.01123,0.007991,1036.208974,1370.525458,1.006572
mu_t[2024-11-25],0.011225,0.007986,1031.456949,1352.965969,1.00659
mu_t[2024-12-02],0.01122,0.007982,1026.87332,1346.977818,1.006602
mu_t[2024-12-09],0.011215,0.007978,1023.036841,1339.789245,1.006593
mu_t[2024-12-16],0.011211,0.007975,1020.873571,1339.000306,1.006575
mu_t[2024-12-23],0.011207,0.007972,1019.517538,1349.833219,1.006548
mu_t[2024-12-30],0.011204,0.007969,1018.484075,1371.795426,1.006528
mu_t[2025-01-06],0.011201,0.007967,1018.151804,1360.475204,1.006504
mu_t[2025-01-13],0.011199,0.007965,1018.62425,1361.378884,1.00647
mu_t[2025-01-20],0.011197,0.007964,1020.221692,1362.35266,1.006434
mu_t[2025-01-27],0.011195,0.007963,1022.664678,1411.759866,1.006385
mu_t[2025-02-03],0.011194,0.007962,1025.383837,1417.087879,1.006328
mu_t[2025-02-10],0.011193,0.007962,1029.344272,1422.491869,1.006264
mu_t[2025-02-17],0.011202,0.007968,1026.999213,1407.84166,1.006298
mu_t[2025-02-24],0.011212,0.007975,1025.035424,1383.305432,1.006331
mu_t[2025-03-03],0.011221,0.007982,1023.676608,1369.63236,1.006364
mu_t[2025-03-10],0.011231,0.007989,1022.801078,1375.957463,1.006378
mu_t[2025-03-17],0.011241,0.007996,1022.546719,1367.170957,1.006403
mu_t[2025-03-24],0.011252,0.008004,1022.137339,1352.597034,1.006418
mu_t[2025-03-31],0.011262,0.008012,1022.610789,1356.17476,1.006429
mu_t[2025-04-07],0.011273,0.00802,1023.117375,1360.519291,1.006437
mu_t[2025-04-14],0.011284,0.008028,1023.964608,1369.2476,1.006441
mu_t[2025-04-21],0.011296,0.008037,1025.910518,1368.044252,1.006436
mu_t[2025-04-28],0.011307,0.008045,1027.866237,1356.042833,1.006432
mu_t[2025-05-05],0.011319,0.008054,1030.136077,1347.814735,1.006421
mu_t[2025-05-12],0.011331,0.008063,1032.951585,1357.980007,1.00641
mu_t[2025-05-19],0.011344,0.008073,1036.004077,1341.15048,1.006398
mu_t[2025-05-26],0.011356,0.008082,1039.363501,1347.047135,1.006384
mu_t[2025-06-02],0.011352,0.008079,1034.646155,1337.405591,1.006394
mu_t[2025-06-09],0.011349,0.008077,1030.445898,1332.479294,1.006419
mu_t[2025-06-16],0.011346,0.008075,1026.958184,1343.678361,1.006428
mu_t[2025-06-23],0.011343,0.008073,1024.954279,1339.045396,1.006422
mu_t[2025-06-30],0.011341,0.008072,1023.504199,1347.517388,1.006413
mu_t[2025-07-07],0.01134,0.008071,1022.463806,1354.995452,1.006399
mu_t[2025-07-14],0.011338,0.00807,1022.707389,1356.448913,1.006376
mu_t[2025-07-21],0.011338,0.00807,1024.025203,1358.669868,1.006343
mu_t[2025-07-28],0.011337,0.008071,1026.111024,1380.691321,1.006304
mu_t[2025-08-04],0.011338,0.008071,1029.251833,1386.748648,1.006274
mu_t[2025-08-11],0.011338,0.008073,1032.884823,1377.953062,1.00624
mu_t[2025-08-18],0.011339,0.008074,1037.147703,1369.782086,1.00619
mu_t[2025-08-25],0.011341,0.008076,1042.089164,1380.992729,1.006132
mu_t[2025-09-01],0.011343,0.008079,1048.589937,1397.946104,1.00607
mu_t[2025-09-08],0.011345,0.008082,1055.854204,1455.017941,1.006006
mu_t[2025-09-15],0.011326,0.008063,1048.216749,1501.400835,1.005874
mu_t[2025-09-22],0.011354,0.008084,1122.474521,1591.096169,1.005261
mu_t[2025-09-29],0.01143,0.008143,1272.610295,1925.510924,1.004379
mu_t[2025-10-06],0.011549,0.00824,1492.883935,2321.597642,1.003485
mu_t[2025-10-13],0.011708,0.008365,1777.169592,2691.069562,1.002692
mu_t[2025-10-20],0.011892,0.008515,2117.334106,3185.331035,1.002063
mu_t[2025-10-27],0.012112,0.00869,2498.007644,3649.624607,1.001574
mu_t[2025-11-03],0.012366,0.008894,2908.270465,3897.611387,1.0012
mu_t[2025-11-10],0.012592,0.009102,3371.180384,4156.215134,1.000899
mu_t[2025-11-17],0.012843,0.009322,3856.173204,4395.574754,1.000673
mu_t[2025-11-24],0.013091,0.009569,4369.433158,4570.890325,1.0005
mu_t[2025-12-01],0.013325,0.009828,4914.019619,4667.052249,1.000444
mu_t[2025-12-08],0.013571,0.010097,5474.649782,4877.350012,1.000532
mu_t[2025-12-15],0.013836,0.010385,6032.773442,4956.809302,1.000524
mu_t[2025-12-22],0.014323,0.010639,6402.202775,4979.613902,1.000648
roi_m[Search],0.010504,0.007596,1992.083657,2239.746868,1.002874
roi_m[Social],0.005372,0.003829,2548.907878,3565.085221,1.000892
roi_m[Video],0.003791,0.002726,3029.79911,3295.573377,1.001226
sigma,0.000108,7.7e-05,9802.21399,6191.670429,1.000314
tau_g[Region 1],0.006009,0.00425,2708.816859,4610.464852,1.000861
tau_g[Region 2],0.005674,0.004013,2702.398776,4617.128437,1.001263
tau_g[Region 3],0.00512,0.003621,2748.035351,4237.0817,1.000608
xi_c[demand],0.00181,0.00128,2272.895924,1944.173299,1.001565
xi_c[price],0.001403,0.000992,2672.584022,2836.820372,1.002392
