geo,time,population,demand,price,search_spend,search_impressions,social_spend,social_impressions,video_spend,video_impressions,revenue
Region 1,2024-01-01,160000,0.85261550,0.93507806,457.55442395,38129.53532883,1266.46297450,158307.87181310,102.15564252,20431.12850380,23174.02644292
Region 1,2024-01-08,160000,1.21332638,0.99729454,858.67181903,71555.98491942,788.25171091,98531.46386365,521.09562296,104219.12459123,25750.23858035
Region 1,2024-01-15,160000,1.16296043,0.93310994,371.47214253,30956.01187709,755.30682336,94413.35291952,1897.13207438,379426.41487529,26807.52382648
Region 1,2024-01-22,160000,1.07847864,1.06130335,711.76718674,59313.93222836,319.19848263,39899.81032834,2098.63128036,419726.25607299,25381.02415073
Region 1,2024-01-29,160000,1.08320174,1.01258849,1244.22061917,103685.05159754,637.20215521,79650.26940086,140.48148237,28096.29647454,26325.56821765
Region 1,2024-02-05,160000,1.20599289,1.03731887,555.32336655,46276.94721277,888.79973610,111099.96701200,1260.20905576,252041.81115109,26817.23542208
Region 1,2024-02-12,160000,0.94978946,0.98946314,985.26400118,82105.33343202,784.18540644,98023.17580465,1433.88962606,286777.92521147,25846.85128971
Region 1,2024-02-19,160000,0.95179786,0.95730303,495.79858357,41316.54863111,223.78878005,27973.59750680,737.79126024,147558.25204846,25599.82919138
Region 1,2024-02-26,160000,1.02134895,1.00671429,285.15511389,23762.92615762,1059.39184574,132423.98071771,734.69527255,146939.05451060,25365.43363419
Region 1,2024-03-04,160000,1.13118823,0.96162181,379.91810940,31659.84245038,412.75081139,51593.85142377,592.16091335,118432.18267088,25718.13885708
Region 1,2024-03-11,160000,1.20661667,1.06691195,681.35937082,56779.94756859,1424.32207746,178040.25968307,2051.84972040,410369.94408070,27635.42206540
Region 1,2024-03-18,160000,1.14075559,0.74767270,498.42279975,41535.23331269,1028.49841389,128562.30173625,1296.67531475,259335.06295002,29578.63965388
Region 1,2024-03-25,160000,1.24008243,0.90093135,104.54253662,8711.87805179,533.49577740,66686.97217519,672.02219534,134404.43906710,26751.68032109
Region 1,2024-04-01,160000,1.24686128,1.09334526,641.04355714,53420.29642842,2956.03396970,369504.24621253,3217.99231742,643598.46348349,27410.05187239
Region 1,2024-04-08,160000,1.18987552,1.14027164,520.81986254,43401.65521185,1048.43879345,131054.84918070,728.65304869,145730.60973885,26690.03923185
Region 1,2024-04-15,160000,1.22541175,0.99564748,105.45434380,8787.86198353,874.25148444,109281.43555550,1322.27533056,264455.06611299,26807.99666473
Region 1,2024-04-22,160000,1.18728171,1.07627735,1173.77229533,97814.35794420,753.70180816,94212.72602053,982.75593360,196551.18672099,27625.27542873
Region 1,2024-04-29,160000,1.10349260,1.03137793,656.57422370,54714.51864174,150.09182389,18761.47798587,1122.42920516,224485.84103291,26191.01957026
Region 1,2024-05-06,160000,1.04997121,1.09650222,108.06491409,9005.40950759,954.24341310,119280.42663752,1806.93772920,361387.54584027,25463.01965088
Region 1,2024-05-13,160000,1.05961259,1.04844885,286.57812214,23881.51017801,258.87915363,32359.89420322,1565.92154133,313184.30826586,24953.73917859
Region 1,2024-05-20,160000,1.15972129,1.00395612,2149.07063093,179089.21924385,785.99165602,98248.95700311,1506.56328817,301312.65763346,27734.19772192
Region 1,2024-05-27,160000,1.04126783,0.96306329,542.14965664,45179.13805317,674.58591126,84323.23890764,1795.69041295,359138.08259099,26673.03726365
Region 1,2024-06-03,160000,1.08325032,0.83969029,1197.93786003,99828.15500284,671.74472089,83968.09011141,182.33493657,36466.98731478,28394.55303032
Region 1,2024-06-10,160000,1.01193929,0.99343961,719.48251864,59956.87655364,1651.52448333,206440.56041670,2347.25208087,469450.41617313,27347.66060273
Region 1,2024-06-17,160000,1.08485048,0.99711696,273.25788776,22771.49064659,481.48982105,60186.22763168,866.23326705,173246.65340917,26424.26192610
Region 1,2024-06-24,160000,1.06364453,0.97982197,1858.26147375,154855.12281285,794.41911595,99302.38949356,1709.72132517,341944.26503427,27341.66203092
Region 1,2024-07-01,160000,1.02447290,1.02460220,145.94332241,12161.94353456,297.87189516,37233.98689491,3304.19394211,660838.78842228,25257.20822410
Region 1,2024-07-08,160000,1.02247266,0.92193952,213.54177057,17795.14754757,944.86300115,118107.87514336,1978.07369564,395614.73912860,26576.46069223
Region 1,2024-07-15,160000,1.06275834,1.01441422,786.08223785,65506.85315438,2078.04019481,259755.02435130,644.43112047,128886.22409455,27938.21865663
Region 1,2024-07-22,160000,0.97809921,1.04888797,674.63235839,56219.36319879,592.54216696,74067.77087044,594.94239830,118988.47966039,26158.40675438
Region 1,2024-07-29,160000,0.92454945,0.92167584,464.71391838,38726.15986489,747.80085415,93475.10676828,253.40191598,50680.38319610,26372.97374053
Region 1,2024-08-05,160000,1.00086376,1.05828985,341.08442826,28423.70235470,1751.06022682,218882.52835277,976.77344600,195354.68920020,24926.46988762
Region 1,2024-08-12,160000,0.85475723,0.93398046,582.37290659,48531.07554937,808.90890125,101113.61265583,1026.47023970,205294.04794021,25700.53475171
Region 1,2024-08-19,160000,0.97866943,0.93315435,378.99388868,31582.82405668,914.83704489,114354.63061186,752.50162328,150500.32465664,26699.18914444
Region 1,2024-08-26,160000,0.85352112,1.03246793,679.84255018,56653.54584852,1171.17679046,146397.09880761,343.74142367,68748.28473408,25246.82686866
Region 1,2024-09-02,160000,0.93312800,1.02103594,346.12968018,28844.14001507,902.49223021,112811.52877616,983.78341184,196756.68236830,25084.07304679
Region 1,2024-09-09,160000,0.74587184,1.03831163,1378.39519672,114866.26639299,1478.57220915,184821.52614367,1663.34998403,332669.99680682,25207.01642582
Region 1,2024-09-16,160000,0.84405201,0.95274247,79.14225549,6595.18795782,648.42527976,81053.15996953,1195.90646498,239181.29299624,25079.58317072
Region 1,2024-09-23,160000,0.81065271,0.98133799,1820.58866251,151715.72187567,132.18442834,16523.05354273,891.13165011,178226.33002240,25776.14464864
Region 1,2024-09-30,160000,0.79800436,1.08099100,988.27837272,82356.53106001,1119.89016420,139986.27052439,635.16664356,127033.32871270,24814.58523226
Region 1,2024-10-07,160000,0.89848379,1.05255906,1018.39736936,84866.44744700,1098.51355240,137314.19405023,1931.34576523,386269.15304647,25931.41796960
Region 1,2024-10-14,160000,0.62138365,0.90060975,529.64064730,44136.72060804,733.82005025,91727.50628115,2492.42067467,498484.13493411,24941.45595027
Region 1,2024-10-21,160000,0.84367196,1.04919239,496.59611227,41383.00935565,2374.23278632,296779.09828940,1525.07301507,305014.60301407,27093.73670730
Region 1,2024-10-28,160000,0.86734552,1.03560134,579.97851290,48331.54274145,955.92112500,119490.14062525,283.91420234,56782.84046889,26010.34964034
Region 1,2024-11-04,160000,0.79549356,0.92335290,766.85188315,63904.32359625,490.79842889,61349.80361151,729.86350996,145972.70199223,26409.95442267
Region 1,2024-11-11,160000,0.94145244,1.03509200,468.88471978,39073.72664832,955.80415234,119475.51904279,1664.53449871,332906.89974232,25387.51253658
Region 1,2024-11-18,160000,0.84052888,1.00625789,751.55367181,62629.47265106,1040.48780973,130060.97621615,659.24803464,131849.60692845,25644.63531555
Region 1,2024-11-25,160000,0.88905602,0.98018528,601.53402684,50127.83557038,520.20447240,65025.55904971,1510.14859031,302029.71806131,26414.09144662
Region 1,2024-12-02,160000,0.99758645,0.97951934,510.85394066,42571.16172148,796.19762280,99524.70285017,131.17032222,26234.06444360,26236.82513433
Region 1,2024-12-09,160000,0.96979267,0.97804775,111.27263501,9272.71958400,1099.91055053,137488.81881614,1341.67555378,268335.11075599,25591.93078955
Region 1,2024-12-16,160000,0.88412728,0.98101288,360.36349451,30030.29120882,548.88615862,68610.76982774,2749.77912338,549955.82467589,25043.24430565
Region 1,2024-12-23,160000,0.98658551,1.03360603,146.63876565,12219.89713728,1304.55549035,163069.43629394,388.16167565,77632.33513003,25113.95887157
Region 1,2024-12-30,160000,1.03144878,1.02722680,317.91749823,26493.12485220,324.36028025,40545.03503120,365.54429692,73108.85938401,25479.92478330
Region 1,2025-01-06,160000,1.02107127,0.98779607,525.45694395,43788.07866281,2313.11570742,289139.46342702,624.96261226,124992.52245257,27201.80587566
Region 1,2025-01-13,160000,1.01850957,1.00485667,472.91423200,39409.51933351,871.66229669,108957.78708638,260.83878910,52167.75782095,26484.33982059
Region 1,2025-01-20,160000,1.08655543,0.79134581,2787.27895021,232273.24585088,1088.49988333,136062.48541563,1116.12309431,223224.61886217,29935.32932200
Region 1,2025-01-27,160000,0.99007166,1.08850635,1574.83132071,131235.94339284,978.63025933,122328.78241592,1764.66738033,352933.47606682,27440.52007870
Region 1,2025-02-03,160000,1.05705816,1.02229490,537.07941205,44756.61767118,1157.41171374,144676.46421750,690.06459250,138012.91849941,27496.95640912
Region 1,2025-02-10,160000,1.13068241,0.95690174,739.59553114,61632.96092815,296.74268623,37092.83577842,1321.61435932,264322.87186315,27331.78686170
Region 1,2025-02-17,160000,1.08868401,1.05294631,1758.03525957,146502.93829726,120.73400303,15091.75037820,236.09235533,47218.47106688,27007.98157431
Region 1,2025-02-24,160000,1.14166162,0.88859279,787.58632891,65632.19407565,1855.50760241,231938.45030121,802.10565314,160421.13062759,29563.47202581
Region 1,2025-03-03,160000,1.30705445,0.95819125,1107.76888023,92314.07335266,1001.15302823,125144.12852884,1126.47290761,225294.58152166,30491.19396066
Region 1,2025-03-10,160000,1.15785133,0.98621814,715.22538332,59602.11527689,439.94871770,54993.58971299,591.18786813,118237.57362637,26814.72127457
Region 1,2025-03-17,160000,1.15531717,1.02986604,483.38216581,40281.84715125,1709.92531462,213740.66432725,1767.12351424,353424.70284770,27988.53489903
Region 1,2025-03-24,160000,1.23495401,1.06240049,152.57043226,12714.20268826,2164.17028610,270521.28576286,689.47619997,137895.23999394,27076.77097607
Region 1,2025-03-31,160000,1.07738419,1.03178930,920.82179596,76735.14966350,730.93656505,91367.07063072,369.62236238,73924.47247526,26834.17853446
Region 1,2025-04-07,160000,1.15583875,0.93432232,905.63035994,75469.19666139,956.18331678,119522.91459812,916.37888008,183275.77601652,28155.54787670
Region 1,2025-04-14,160000,1.20844020,0.93931389,1138.75681136,94896.40094637,218.81505109,27351.88138579,3673.68566429,734737.13285847,29101.23506585
Region 1,2025-04-21,160000,1.19339300,0.98695994,964.97413983,80414.51165263,963.67916445,120459.89555661,424.17041607,84834.08321341,29097.43348332
Region 1,2025-04-28,160000,1.11573445,1.05237048,360.19348262,30016.12355152,601.35359178,75169.19897276,798.70428302,159740.85660381,27005.10005855
Region 1,2025-05-05,160000,1.21396444,1.10638391,828.17935487,69014.94623912,570.29686351,71287.10793867,691.02746373,138205.49274670,27564.02341895
Region 1,2025-05-12,160000,1.13166829,0.85804499,441.59961041,36799.96753423,1470.42205028,183802.75628504,2262.81329077,452562.65815405,29316.26913031
Region 1,2025-05-19,160000,1.18017524,0.98114385,416.51533854,34709.61154527,3954.54145603,494317.68200396,1155.46553622,231093.10724402,28975.53924375
Region 1,2025-05-26,160000,1.14610798,0.96590649,829.27909478,69106.59123195,1684.06797188,210508.49648485,985.12756985,197025.51397072,29542.21001911
Region 1,2025-06-02,160000,1.09529857,0.98129995,1554.03858684,129503.21556970,374.97149942,46871.43742800,2122.47043006,424494.08601183,29268.73170765
Region 1,2025-06-09,160000,1.05019368,0.97043239,1127.74108241,93978.42353421,1820.34960260,227543.70032518,633.44708524,126689.41704897,27822.93742114
Region 1,2025-06-16,160000,1.15103751,0.81751199,604.02099324,50335.08276975,1452.53630168,181567.03770985,391.91738994,78383.47798744,30364.39830931
Region 1,2025-06-23,160000,0.95713666,1.14024584,727.49475404,60624.56283702,914.38363472,114297.95434036,748.92327910,149784.65582071,25994.72715999
Region 1,2025-06-30,160000,0.93088145,1.12556672,520.75772292,43396.47690989,1008.58480868,126073.10108442,288.14839761,57629.67952179,24486.51901681
Region 1,2025-07-07,160000,1.06767697,0.91106447,337.86853392,28155.71115986,741.49515726,92686.89465725,349.53709383,69907.41876660,26562.72307920
Region 1,2025-07-14,160000,1.03928161,0.97944827,760.54019764,63378.34980345,1847.27062069,230908.82758645,222.52796712,44505.59342323,26906.31227806
Region 1,2025-07-21,160000,0.93710087,0.94220809,1585.41411551,132117.84295958,832.38509125,104048.13640564,912.50010503,182500.02100624,27467.90269561
Region 1,2025-07-28,160000,0.92322677,1.01338365,1668.67022687,139055.85223925,140.83761832,17604.70228952,1323.73105414,264746.21082891,26572.62835668
Region 1,2025-08-04,160000,0.78340942,0.98392368,851.15438161,70929.53180067,2044.05337456,255506.67181972,905.88062563,181176.12512695,27640.85349566
Region 1,2025-08-11,160000,0.90496489,0.95101335,591.18846047,49265.70503911,832.70498655,104088.12331827,735.98479490,147196.95898078,26960.62349969
Region 1,2025-08-18,160000,0.87146844,0.91824257,100.41848444,8368.20703629,1260.53163249,157566.45406164,231.76144258,46352.28851545,26303.21642585
Region 1,2025-08-25,160000,0.82314864,0.96542403,191.32716205,15943.93017055,457.16539822,57145.67477689,443.44686718,88689.37343534,24718.28001280
Region 1,2025-09-01,160000,0.88361454,1.07813789,612.92577144,51077.14762033,893.65675161,111707.09395170,1067.71961192,213543.92238465,24652.00614910
Region 1,2025-09-08,160000,0.80672079,1.06251335,442.90945727,36909.12143930,662.89137019,82861.42127382,2276.87322410,455374.64482030,24888.65156607
Region 1,2025-09-15,160000,0.89681360,1.01187186,759.17329221,63264.44101770,829.53577477,103691.97184666,678.94956388,135789.91277585,26564.48717207
Region 1,2025-09-22,160000,0.89537928,0.91447025,1104.34992446,92029.16037177,597.16189423,74645.23677823,1375.19431189,275038.86237714,27391.10167335
Region 1,2025-09-29,160000,0.77442329,0.98559954,381.73965213,31811.63767728,957.28509940,119660.63742541,1324.43073674,264886.14734797,26266.60916678
Region 1,2025-10-06,160000,0.80162322,1.03692641,150.43100219,12535.91684909,617.12228585,77140.28573091,1734.66672494,346933.34498732,24864.65223448
Region 1,2025-10-13,160000,0.91685891,1.01961066,620.23530325,51686.27527044,823.75443719,102969.30464836,1029.30107737,205860.21547366,26797.75732009
Region 1,2025-10-20,160000,0.80692599,1.02493462,1378.21751608,114851.45967368,429.21290429,53651.61303680,1077.85645110,215571.29021995,26067.07508152
Region 1,2025-10-27,160000,0.81180380,1.02614155,1078.56619606,89880.51633866,792.40545722,99050.68215282,1054.65383079,210930.76615707,25852.61909092
Region 1,2025-11-03,160000,0.96954244,0.82820810,150.11616559,12509.68046625,1484.90914970,185613.64371221,1011.95766758,202391.53351590,28163.75624337
Region 1,2025-11-10,160000,0.92671712,1.16897512,409.05401305,34087.83442063,667.63859475,83454.82434395,744.17534457,148835.06891374,24954.08058576
Region 1,2025-11-17,160000,1.01148908,0.94818675,1736.94654339,144745.54528251,142.16926211,17771.15776416,1067.39944245,213479.88848943,27635.72568616
Region 1,2025-11-24,160000,0.83262657,1.06390754,555.79090053,46315.90837709,996.37163823,124546.45477870,2593.55206555,518710.41311048,26021.14185953
Region 1,2025-12-01,160000,0.95486096,1.05008661,779.27981368,64939.98447296,2537.86720377,317233.40047182,2184.14477799,436828.95559762,27242.62088750
Region 1,2025-12-08,160000,0.89510205,1.05043974,868.61840466,72384.86705482,619.48078780,77435.09847496,706.83335412,141366.67082435,27510.44201699
Region 1,2025-12-15,160000,0.82655914,0.94359804,227.97142153,18997.61846106,3738.44781882,467305.97735214,1153.22443529,230644.88705871,27630.26493121
Region 1,2025-12-22,160000,0.91277597,0.99793131,362.95846828,30246.53902324,1122.20870011,140276.08751387,545.00072037,109000.14407348,26539.45751105
Region 2,2024-01-01,200000,0.88563982,0.97122349,832.78220850,69398.51737535,814.04402430,101755.50303737,4015.33777910,803067.55582065,30506.64631253
Region 2,2024-01-08,200000,1.13445939,0.99387982,790.83763868,65903.13655638,918.88880771,114861.10096378,504.79982483,100959.96496607,32151.59552326
Region 2,2024-01-15,200000,1.15118536,0.99109935,2000.58245051,166715.20420957,683.35406681,85419.25835115,952.97767466,190595.53493128,33817.73203350
Region 2,2024-01-22,200000,1.01789730,0.91070079,1442.96744825,120247.28735380,572.06397101,71507.99637615,828.48063814,165696.12762771,33403.86181836
Region 2,2024-01-29,200000,1.00213854,0.88797253,981.29336455,81774.44704616,3124.54524242,390568.15530240,1445.09228802,289018.45760401,33764.41710668
Region 2,2024-02-05,200000,1.21129141,1.01629033,189.56268304,15796.89025293,892.14536589,111518.17073596,1719.46647630,343893.29526006,32292.94251545
Region 2,2024-02-12,200000,1.02347126,0.92757117,396.26354698,33021.96224867,286.36086138,35795.10767244,2726.96899124,545393.79824835,31992.66243977
Region 2,2024-02-19,200000,1.09958305,0.91798075,661.63205769,55136.00480789,1094.84050022,136855.06252769,1029.55365406,205910.73081287,33182.93391973
Region 2,2024-02-26,200000,1.29468768,0.88182558,421.24303023,35103.58585219,294.09542736,36761.92841967,2129.99714969,425999.42993791,35630.70488304
Region 2,2024-03-04,200000,1.27372358,0.95991168,2382.12340508,198510.28375641,1195.92329855,149490.41231829,1276.70125181,255340.25036230,36277.27181861
Region 2,2024-03-11,200000,1.12820090,0.98952243,1063.46921436,88622.43453041,578.71513238,72339.39154771,998.34789108,199669.57821513,33745.03189307
Region 2,2024-03-18,200000,1.17638756,0.96762393,3045.85491885,253821.24323750,321.90743497,40238.42937141,2028.06272752,405612.54550403,34547.51526450
Region 2,2024-03-25,200000,1.16969915,0.96657910,574.32831560,47860.69296638,2878.90398221,359862.99777614,936.58431566,187316.86313190,35217.36297676
Region 2,2024-04-01,200000,1.14452079,0.80572908,1099.23951585,91603.29298769,4245.04517870,530630.64733735,796.14865976,159229.73195107,37272.28897637
Region 2,2024-04-08,200000,1.10811715,1.13023515,852.58891890,71049.07657494,1999.85726433,249982.15804167,2802.81683602,560563.36720456,34140.65175141
Region 2,2024-04-15,200000,1.27548373,1.07759643,1736.52931178,144710.77598203,140.25100795,17531.37599400,1859.59412359,371918.82471702,36098.14298138
Region 2,2024-04-22,200000,1.18741349,0.89156479,368.13932878,30678.27739820,504.48296365,63060.37045677,1463.55371627,292710.74325309,34889.62277832
Region 2,2024-04-29,200000,1.07428843,0.95489640,345.81929296,28818.27441319,2465.77827994,308222.28499307,1279.20186571,255840.37314164,33877.15046179
Region 2,2024-05-06,200000,1.22125274,1.10775542,641.75297920,53479.41493360,2209.98704107,276248.38013326,1538.92126467,307784.25293333,34323.50576014
Region 2,2024-05-13,200000,1.20708739,0.95454286,662.50244495,55208.53707953,605.38623004,75673.27875527,537.62009053,107524.01810688,34064.83245830
Region 2,2024-05-20,200000,1.18348095,1.04129135,1025.62049236,85468.37436332,755.44200493,94430.25061634,1371.46969785,274293.93956990,33938.56130199
Region 2,2024-05-27,200000,1.12975348,1.01526389,798.59547932,66549.62327627,155.66249679,19457.81209937,2762.83619290,552567.23857969,33617.62960227
Region 2,2024-06-03,200000,1.05599345,0.89629792,1088.51111764,90709.25980359,171.82137030,21477.67128719,2891.87720071,578375.44014299,33615.30020439
Region 2,2024-06-10,200000,0.92210741,1.02727574,116.28264734,9690.22061205,852.42665117,106553.33139683,3891.08125859,778216.25171738,30527.00465072
Region 2,2024-06-17,200000,1.18458822,1.02963690,1270.13297553,105844.41462726,523.86814260,65483.51782464,1517.43077167,303486.15433343,33813.11177809
Region 2,2024-06-24,200000,0.97053064,1.08415246,773.25899215,64438.24934546,1096.05939465,137007.42433115,857.36449766,171472.89953271,31395.14681302
Region 2,2024-07-01,200000,1.08231551,1.01511670,1209.22403541,100768.66961776,1790.71697984,223839.62247948,710.18866729,142037.73345877,34307.27771792
Region 2,2024-07-08,200000,0.98530164,0.82696264,250.35905488,20863.25457319,857.25213633,107156.51704105,209.62753204,41925.50640745,34250.66057827
Region 2,2024-07-15,200000,1.03072293,1.05163513,1517.23536829,126436.28069061,692.41747895,86552.18486873,1811.84102320,362368.20463933,32811.59574182
Region 2,2024-07-22,200000,0.90803897,0.96483577,1341.54091525,111795.07627103,193.80916592,24226.14574045,1086.91458059,217382.91611868,31488.03328841
Region 2,2024-07-29,200000,0.92316294,1.00422739,1556.04438423,129670.36535220,837.22869269,104653.58658615,1424.02711375,284805.42274991,32047.10370637
Region 2,2024-08-05,200000,0.89741943,0.98451498,593.86553625,49488.79468776,992.44347727,124055.43465916,786.91055394,157382.11078811,31916.21802961
Region 2,2024-08-12,200000,0.94442809,0.99658473,644.77471956,53731.22662963,3999.83003413,499978.75426594,222.89181008,44578.36201655,32484.34138876
Region 2,2024-08-19,200000,0.73623791,0.96792853,1079.43923586,89953.26965504,1685.62849202,210703.56150294,303.17299931,60634.59986140,31623.95069382
Region 2,2024-08-26,200000,0.83210505,0.95077249,238.63716306,19886.43025528,1978.42941839,247303.67729873,759.14494028,151828.98805676,32178.65320202
Region 2,2024-09-02,200000,0.84219983,1.07692027,1375.43822447,114619.85203937,940.84464971,117605.58121399,206.19131476,41238.26295101,30696.25365659
Region 2,2024-09-09,200000,0.68039977,0.96305090,690.76844020,57564.03668319,251.37067855,31421.33481826,535.71054716,107142.10943112,28639.63540362
Region 2,2024-09-16,200000,0.97818905,1.00386803,1244.67696216,103723.08018010,403.21513267,50401.89158323,1332.26825406,266453.65081124,31826.68979224
Region 2,2024-09-23,200000,0.81990719,1.04481259,2841.17127700,236764.27308304,1810.24957857,226281.19732091,755.94420262,151188.84052345,31467.57075534
Region 2,2024-09-30,200000,0.78799221,1.07614927,789.04720334,65753.93361162,2084.20194428,260525.24303450,2324.68179909,464936.35981749,31188.05423541
Region 2,2024-10-07,200000,0.63991107,1.02641425,613.31599929,51109.66660780,436.19569344,54524.46167956,1102.96719709,220593.43941738,29904.46579823
Region 2,2024-10-14,200000,0.78602420,1.05853243,263.62191063,21968.49255216,2120.96599424,265120.74927987,2040.94682233,408189.36446651,31117.57190276
Region 2,2024-10-21,200000,0.77167571,1.00986553,484.09240300,40341.03358292,741.63059598,92703.82449695,2377.84616063,475569.23212607,30676.44573735
Region 2,2024-10-28,200000,0.89147280,0.90101336,1392.07847470,116006.53955859,1177.00116267,147125.14533346,1211.47052489,242294.10497790,33511.50785754
Region 2,2024-11-04,200000,0.86530387,0.97973822,622.00380445,51833.65037118,2545.79907277,318224.88409605,1613.15285322,322630.57064313,33645.82679598
Region 2,2024-11-11,200000,0.94677035,1.16336643,367.97774425,30664.81202083,1089.46741574,136183.42696743,1612.43946031,322487.89206118,32324.06218735
Region 2,2024-11-18,200000,0.75862372,0.93356467,863.93607186,71994.67265529,2136.51907414,267064.88426707,3289.39901760,657879.80351980,32985.48986352
Region 2,2024-11-25,200000,0.73847450,1.02803701,1247.87612426,103989.67702164,1081.41626396,135177.03299533,1210.55962493,242111.92498545,32658.14765237
Region 2,2024-12-02,200000,0.90868132,1.02142898,357.16551198,29763.79266516,1483.39886559,185424.85819841,1256.19806884,251239.61376885,32442.40959308
Region 2,2024-12-09,200000,0.82061999,0.88092655,617.79985066,51483.32088837,1779.80904950,222476.13118736,231.93985450,46387.97089957,32463.46297858
Region 2,2024-12-16,200000,0.86151115,1.11316437,189.45473682,15787.89473489,680.24264509,85030.33063595,1466.17115330,293234.23065934,29156.04743920
Region 2,2024-12-23,200000,0.91923341,0.99260752,679.14626489,56595.52207449,2090.62025376,261327.53172046,7392.74986061,1478549.97212190,33735.06054828
Region 2,2024-12-30,200000,1.00752345,0.97386640,841.34364337,70111.97028093,367.13959101,45892.44887573,1030.86999186,206173.99837228,34133.24452529
Region 2,2025-01-06,200000,0.95568242,1.01804411,271.35113874,22612.59489483,676.85412405,84606.76550645,3371.42093328,674284.18665551,31805.46722402
Region 2,2025-01-13,200000,0.91342831,0.88932542,1351.07426892,112589.52241032,1455.18447953,181898.05994109,1073.67771757,214735.54351459,35124.97491844
Region 2,2025-01-20,200000,1.13807341,0.99155395,1126.72976868,93894.14739015,933.55390227,116694.23778392,1599.45028971,319890.05794121,35404.25404357
Region 2,2025-01-27,200000,0.98322552,1.00201042,841.75265361,70146.05446778,675.02820013,84378.52501608,1238.22709864,247645.41972727,33838.78477924
Region 2,2025-02-03,200000,1.05177307,1.00869435,1826.19218893,152182.68241060,532.83236315,66604.04539321,2304.03090350,460806.18069981,34305.78544709
Region 2,2025-02-10,200000,1.08198944,1.05682061,533.23639282,44436.36606809,1006.02686131,125753.35766314,1282.25027906,256450.05581272,32978.66296724
Region 2,2025-02-17,200000,1.21135943,1.06680054,164.69572974,13724.64414502,5478.91805731,684864.75716415,1463.24870498,292649.74099558,34240.39989054
Region 2,2025-02-24,200000,1.11123763,1.07297656,122.56360398,10213.63366517,186.70090434,23337.61304213,933.58417147,186716.83429405,32817.84625990
Region 2,2025-03-03,200000,1.14192190,0.95899586,725.10037420,60425.03118301,1521.29820201,190162.27525080,1484.25361279,296850.72255755,35688.35773693
Region 2,2025-03-10,200000,1.11858395,1.04569148,226.17731497,18848.10958063,1732.70343597,216587.92949588,1479.64040334,295928.08066750,34335.80685818
Region 2,2025-03-17,200000,1.13635832,0.89270963,782.99872315,65249.89359592,926.13682276,115767.10284522,1773.90492930,354780.98585959,35124.39564838
Region 2,2025-03-24,200000,1.27337733,0.91980303,923.54831834,76962.35986137,2321.77818500,290222.27312488,4348.75638417,869751.27683447,38072.56824005
Region 2,2025-03-31,200000,1.30413060,1.08338902,2125.74251213,177145.20934433,628.97529283,78621.91160359,1220.38649211,244077.29842202,37283.30941850
Region 2,2025-04-07,200000,1.15317317,1.02154966,666.43311363,55536.09280250,808.71500279,101089.37534859,352.80619302,70561.23860321,34661.09962386
Region 2,2025-04-14,200000,1.06460944,1.05212659,1177.93888681,98161.57390053,827.21740632,103402.17579053,1875.12898133,375025.79626593,33694.11690997
Region 2,2025-04-21,200000,1.19147370,1.06406973,1053.11306741,87759.42228390,2576.21287988,322026.60998540,644.47591812,128895.18362307,35107.32592102
Region 2,2025-04-28,200000,1.19490721,0.95622274,535.30536001,44608.78000058,1389.50110632,173687.63828941,234.33343906,46866.68781202,35185.52265222
Region 2,2025-05-05,200000,1.21879304,1.08361615,1904.42734244,158702.27853673,939.18629551,117398.28693815,2111.47058439,422294.11687717,34424.78728250
Region 2,2025-05-12,200000,1.27813342,0.99636093,819.37622867,68281.35238919,205.75998941,25719.99867673,3511.81732702,702363.46540328,37155.14603637
Region 2,2025-05-19,200000,1.02647154,0.96943857,1096.30880286,91359.06690476,223.21561536,27901.95192016,963.72666291,192745.33258271,33413.60388436
Region 2,2025-05-26,200000,1.11734954,1.05352922,1190.06837085,99172.36423753,1322.56071513,165320.08939172,655.44099093,131088.19818576,34309.65937505
Region 2,2025-06-02,200000,1.08118137,0.97823417,149.87796321,12489.83026726,742.18246179,92772.80772341,931.94101570,186388.20314074,34061.19307454
Region 2,2025-06-09,200000,1.12443775,1.01830544,1024.27824439,85356.52036605,898.60670031,112325.83753821,2633.41742550,526683.48509953,34336.94327965
Region 2,2025-06-16,200000,1.02869285,1.13508780,649.85130024,54154.27501966,323.49913103,40437.39137923,991.40890485,198281.78096972,31827.03125924
Region 2,2025-06-23,200000,0.91179384,0.97239118,847.71928582,70643.27381874,542.28578667,67785.72333316,835.08187596,167016.37519290,32975.90904537
Region 2,2025-06-30,200000,0.90244927,0.97462185,1016.38277607,84698.56467230,1558.30286855,194787.85856838,632.38703488,126477.40697571,33246.67414567
Region 2,2025-07-07,200000,0.94332350,0.98954779,1029.84772290,85820.64357473,1917.68138319,239710.17289903,1312.76670060,262553.34011979,33979.51479936
Region 2,2025-07-14,200000,0.99265938,1.02260085,430.00619526,35833.84960538,884.17582027,110521.97753355,1438.32543043,287665.08608548,33414.06780306
Region 2,2025-07-21,200000,1.03359644,1.06025989,1467.97933509,122331.61125712,750.73174346,93841.46793288,191.96165120,38392.33024039,34144.73052501
Region 2,2025-07-28,200000,0.82895787,0.90330072,1227.31845868,102276.53822373,1372.04487650,171505.60956263,1263.62249337,252724.49867314,34045.21020271
Region 2,2025-08-04,200000,0.88153985,1.15168560,418.16299842,34846.91653486,1987.72584594,248465.73074234,1141.73662210,228347.32441905,31587.51444959
Region 2,2025-08-11,200000,0.84148423,0.91682787,849.97032589,70830.86049107,208.27207099,26034.00887397,1057.86285058,211572.57011503,32604.98713606
Region 2,2025-08-18,200000,0.94941313,1.02049090,793.53723594,66128.10299525,818.53418859,102316.77357345,963.93044661,192786.08932121,32825.59286455
Region 2,2025-08-25,200000,0.77586417,0.95569365,147.10484564,12258.73713680,485.78942141,60723.67767612,1379.53095417,275906.19083467,30870.65008219
Region 2,2025-09-01,200000,0.83404580,0.90016273,1576.73734849,131394.77904098,623.87878240,77984.84780043,973.05887980,194611.77595910,33461.74544666
Region 2,2025-09-08,200000,0.79597299,1.05311318,333.63239743,27802.69978615,2758.92377279,344865.47159930,1017.49596559,203499.19311860,31556.19543671
Region 2,2025-09-15,200000,0.84226476,0.97854127,307.56006062,25630.00505149,912.96930729,114121.16341160,1671.02276715,334204.55342952,31943.03421928
Region 2,2025-09-22,200000,0.85194761,1.08720763,127.82815253,10652.34604392,970.13219411,121266.52426414,2319.07482029,463814.96405864,30541.64177128
Region 2,2025-09-29,200000,0.81232680,0.97820214,152.63701893,12719.75157758,1299.40110456,162425.13807009,1733.30473060,346660.94611960,31568.06398548
Region 2,2025-10-06,200000,0.63545630,0.94708065,633.32776997,52777.31416382,83.44705873,10430.88234117,336.68100352,67336.20070347,31111.42366603
Region 2,2025-10-13,200000,0.83940016,1.00975911,311.05060668,25920.88388989,1638.23686026,204779.60753254,2737.38689176,547477.37835218,33034.57860498
Region 2,2025-10-20,200000,0.82009863,0.98056059,1332.28363540,111023.63628316,1544.17569516,193021.96189451,813.72336559,162744.67311751,34025.41837171
Region 2,2025-10-27,200000,0.82902465,0.94280569,2914.00965255,242834.13771279,570.95728453,71369.66056648,323.60969676,64721.93935256,34791.68987386
Region 2,2025-11-03,200000,0.70871385,0.83313999,358.81927272,29901.60606017,1098.39029326,137298.78665696,393.82887035,78765.77407097,32888.62962736
Region 2,2025-11-10,200000,0.81993729,1.00260938,997.44679263,83120.56605258,757.30266784,94662.83348034,2106.83037534,421366.07506878,32833.80375874
Region 2,2025-11-17,200000,0.88933222,0.98905530,206.76934886,17230.77907143,81.10537005,10138.17125579,2436.30987807,487261.97561336,31112.43701405
Region 2,2025-11-24,200000,0.99316558,0.99319982,2034.77795139,169564.82928214,1749.94450622,218743.06327785,1000.18108985,200036.21796901,35173.84129087
Region 2,2025-12-01,200000,0.97538770,0.96275339,305.28455810,25440.37984203,1009.02575626,126128.21953305,2142.39881780,428479.76355974,34305.99833183
Region 2,2025-12-08,200000,1.02104068,0.98104181,967.62439190,80635.36599166,2292.13429792,286516.78724037,1388.97239162,277794.47832476,35466.93275133
Region 2,2025-12-15,200000,1.02706220,0.91461547,579.16933533,48264.11127739,324.80365052,40600.45631439,440.71542959,88143.08591843,34607.24693242
Region 2,2025-12-22,200000,0.76572206,0.84341461,67.75144890,5645.95407469,1967.21963076,245902.45384474,2759.40278713,551880.55742560,33143.16229443
Region 3,2024-01-01,240000,0.99502225,0.95056630,556.28292206,46356.91017132,233.18967378,29148.70922229,1829.91626113,365983.25222554,34900.79035115
Region 3,2024-01-08,240000,1.03337327,0.95841280,556.03272195,46336.06016222,1999.55173427,249943.96678430,1305.89476017,261178.95203301,38209.24274107
Region 3,2024-01-15,240000,0.96609229,1.04248437,630.15743096,52513.11924706,974.04919404,121756.14925468,990.05811371,198011.62274215,35286.78624300
Region 3,2024-01-22,240000,1.19437054,0.90904123,1387.80341659,115650.28471559,1768.66323716,221082.90464526,1918.14082120,383628.16423973,42329.62158438
Region 3,2024-01-29,240000,1.14455803,1.02552869,1340.17638682,111681.36556847,1587.04131144,198380.16392969,3164.05844090,632811.68817988,40716.93865542
Region 3,2024-02-05,240000,1.00748702,1.02048444,254.75874779,21229.89564896,1120.46161340,140057.70167498,559.27759510,111855.51901932,38778.21461305
Region 3,2024-02-12,240000,1.14273837,1.02867591,780.36384453,65030.32037720,1157.87653481,144734.56685146,1412.22192356,282444.38471215,38502.20237421
Region 3,2024-02-19,240000,0.99181951,1.08385931,950.77781727,79231.48477266,2066.69018208,258336.27275997,2272.85025874,454570.05174733,37708.49313263
Region 3,2024-02-26,240000,1.24357199,1.06887246,895.03400665,74586.16722068,344.53942764,43067.42845480,1162.95749940,232591.49988085,39994.23648317
Region 3,2024-03-04,240000,1.23686544,1.01641038,763.84934937,63654.11244734,3234.15681321,404269.60165157,4499.17908811,899835.81762160,41927.33752482
Region 3,2024-03-11,240000,1.22445345,0.83262456,899.12577714,74927.14809479,322.04026007,40255.03250906,332.08381882,66416.76376311,42751.93952112
Region 3,2024-03-18,240000,1.09082410,1.03918187,462.02991833,38502.49319387,1274.24729670,159280.91208720,1700.83308705,340166.61740909,37694.10042222
Region 3,2024-03-25,240000,1.09507226,0.84468539,1298.82023139,108235.01928272,1438.90085473,179862.60684121,1836.10713256,367221.42651262,42369.19243912
Region 3,2024-04-01,240000,1.14796176,0.90310293,2663.90858906,221992.38242202,492.14142176,61517.67771986,637.36354331,127472.70866131,41804.22141692
Region 3,2024-04-08,240000,1.46367784,0.95030718,1524.80892482,127067.41040193,1257.56398053,157195.49756564,1457.54191467,291508.38293335,44525.82652116
Region 3,2024-04-15,240000,1.19175200,1.07344379,2287.72453564,190643.71130304,826.67959973,103334.94996682,3390.12958795,678025.91758931,40702.03798333
Region 3,2024-04-22,240000,1.13321151,0.92935675,904.57391370,75381.15947517,1264.97641596,158122.05199550,2745.73052545,549146.10508997,40855.43112987
Region 3,2024-04-29,240000,1.24650854,0.99360616,84.09707350,7008.08945802,1258.77172497,157346.46562169,1959.24130557,391848.26111456,39834.88245114
Region 3,2024-05-06,240000,1.19684501,0.94307102,2308.15428683,192346.19056876,1481.99198568,185248.99821017,7302.35592070,1460471.18413959,44006.44128630
Region 3,2024-05-13,240000,1.14781257,1.08112211,1742.65904506,145221.58708832,919.58836383,114948.54547929,1047.98537690,209597.07538037,42152.36758679
Region 3,2024-05-20,240000,1.16761759,1.05170431,2002.68523811,166890.43650885,192.50958907,24063.69863346,2133.42597598,426685.19519516,41999.50893041
Region 3,2024-05-27,240000,1.10073864,0.84989387,648.33674481,54028.06206747,1607.96814817,200996.01852170,3082.89777890,616579.55577935,42997.43265149
Region 3,2024-06-03,240000,1.00042577,0.97885474,1753.31850869,146109.87572436,1259.99846685,157499.80835647,1125.74184200,225148.36840065,40371.31241261
Region 3,2024-06-10,240000,1.02186779,0.98028637,2053.60321500,171133.60125033,1096.58736186,137073.42023252,857.94018008,171588.03601507,40496.38238533
Region 3,2024-06-17,240000,0.94561993,0.79534277,1504.08392771,125340.32730933,719.24860557,89906.07569575,539.50471525,107900.94304924,41662.08325521
Region 3,2024-06-24,240000,0.96715280,0.87146444,717.68150359,59806.79196568,171.05167421,21381.45927582,386.89693194,77379.38638739,37748.80470026
Region 3,2024-07-01,240000,1.02173483,0.85433221,963.04913892,80254.09490976,2679.26842846,334908.55355760,701.76291834,140352.58366757,40893.51083545
Region 3,2024-07-08,240000,0.92938757,1.04558018,584.10811154,48675.67596181,1225.25121847,153156.40230824,1277.04103024,255408.20604880,37706.98355800
Region 3,2024-07-15,240000,0.92682304,1.08975103,1166.40339013,97200.28251046,132.55379191,16569.22398903,195.30563320,39061.12664073,35025.10174304
Region 3,2024-07-22,240000,0.95072535,0.88813470,1411.46658298,117622.21524837,1312.22772350,164028.46543786,219.31382870,43862.76574076,38020.16387331
Region 3,2024-07-29,240000,0.81117025,0.98871055,1288.16958429,107347.46535775,827.02199588,103377.74948495,426.98060525,85396.12104902,36481.51286239
Region 3,2024-08-05,240000,0.81640758,0.89997241,350.20392845,29183.66070456,873.24374363,109155.46795437,2378.20887699,475641.77539896,37931.12891420
Region 3,2024-08-12,240000,0.95301405,1.13474042,630.82644376,52568.87031341,738.73531606,92341.91450795,1525.34188445,305068.37688998,36016.33473047
Region 3,2024-08-19,240000,0.80612860,1.07526161,3757.96496223,313163.74685245,5783.96815297,722996.01912105,1613.90057717,322780.11543426,38675.38028010
Region 3,2024-08-26,240000,0.76825198,0.95488628,549.52186072,45793.48839351,1820.76663371,227595.82921385,686.05354481,137210.70896120,37034.60825383
Region 3,2024-09-02,240000,0.75322224,0.94614130,401.91973978,33493.31164826,546.32337279,68290.42159850,1666.25854631,333251.70926184,37630.75771827
Region 3,2024-09-09,240000,0.77430819,1.05862595,869.83272953,72486.06079441,3475.14421917,434393.02739649,542.19951392,108439.90278464,36602.63945304
Region 3,2024-09-16,240000,0.89598939,1.00974829,463.41199167,38617.66597283,1861.56538995,232695.67374413,1614.17766243,322835.53248640,37647.00574522
Region 3,2024-09-23,240000,0.92484646,0.97618849,860.66350356,71721.95863004,1658.38477326,207298.09665704,564.72214284,112944.42856895,38825.87897630
Region 3,2024-09-30,240000,0.99806341,1.05189872,1667.50752433,138958.96036085,1179.94100946,147492.62618223,1423.38386862,284676.77372460,38691.87717865
Region 3,2024-10-07,240000,0.89394983,0.96465485,712.38236786,59365.19732132,3457.95315036,432244.14379456,1138.15440873,227630.88174678,39548.20944845
Region 3,2024-10-14,240000,0.79276930,0.97159197,1162.78833124,96899.02760328,1205.14035843,150642.54480352,1540.50401185,308100.80237044,38224.33097226
Region 3,2024-10-21,240000,0.86967462,0.92190814,277.66535735,23138.77977885,1577.63520191,197204.40023853,4179.50573709,835901.14741731,38219.45497162
Region 3,2024-10-28,240000,0.88004836,1.03881816,290.88465867,24240.38822261,342.08795166,42760.99395744,2357.94828293,471589.65658503,35710.46480803
Region 3,2024-11-04,240000,0.81679649,1.06262914,207.81881103,17318.23425258,773.38947257,96673.68407150,1514.84887646,302969.77529247,35621.98164733
Region 3,2024-11-11,240000,0.77935107,1.05932769,250.59245952,20882.70495989,821.79241318,102724.05164720,744.10934845,148821.86969091,35117.85377466
Region 3,2024-11-18,240000,0.82396895,0.98886786,1516.00955123,126334.12926876,1067.16456460,133395.57057500,325.12171496,65024.34299162,36649.15475773
Region 3,2024-11-25,240000,0.92425503,0.91272091,1618.50625011,134875.52084238,467.40961696,58426.20211978,225.22225640,45044.45128044,39424.84228340
Region 3,2024-12-02,240000,0.93224757,0.94401987,3161.19802082,263433.16840134,2865.57332661,358196.66582621,6061.12792163,1212225.58432562,42789.32795828
Region 3,2024-12-09,240000,0.86005830,1.01104938,699.57524514,58297.93709484,1032.97294443,129121.61805358,1763.75958658,352751.91731571,39541.44275108
Region 3,2024-12-16,240000,0.97893460,1.05228974,949.82000919,79151.66743221,574.56155605,71820.19450602,2039.55400296,407910.80059256,38914.54499196
Region 3,2024-12-23,240000,0.94023688,0.88776447,746.50801472,62209.00122646,2097.88172523,262235.21565357,2316.13978356,463227.95671239,41659.57017116
Region 3,2024-12-30,240000,0.93814740,0.95299631,1348.55874985,112379.89582114,836.40356407,104550.44550885,1596.89919641,319379.83928291,40280.99298618
Region 3,2025-01-06,240000,1.09606952,0.97587574,143.15992886,11929.99407181,1276.18229304,159522.78662985,2086.92834847,417385.66969333,39304.48787879
Region 3,2025-01-13,240000,1.08867472,1.00907918,607.44217953,50620.18162790,918.42674268,114803.34283477,473.56970101,94713.94020264,39847.82014389
Region 3,2025-01-20,240000,1.04050498,1.10245424,1815.56904687,151297.42057229,310.87020749,38858.77593653,2200.42386266,440084.77253279,37830.50008605
Region 3,2025-01-27,240000,0.99017853,1.01589386,1234.53778654,102878.14887840,249.84016859,31230.02107361,1451.19578021,290239.15604128,39130.01306504
Region 3,2025-02-03,240000,1.09674383,1.00600261,1227.41754787,102284.79565618,688.26245581,86032.80697665,2089.54647249,417909.29449888,40467.80533708
Region 3,2025-02-10,240000,1.02859291,0.99210918,2308.91101138,192409.25094864,1394.45232912,174306.54114000,1954.86150895,390972.30179072,41873.39786142
Region 3,2025-02-17,240000,1.09311735,0.86126349,693.23531091,57769.60924246,988.72862194,123591.07774300,1215.66984632,243133.96926367,42888.76645683
Region 3,2025-02-24,240000,1.10150829,0.92135449,1419.06822216,118255.68517963,1618.35283459,202294.10432345,4066.66474256,813332.94851201,43230.89633435
Region 3,2025-03-03,240000,1.19787233,1.00297164,263.83323561,21986.10296739,1122.47246588,140309.05823535,827.02684610,165405.36921973,41199.31817978
Region 3,2025-03-10,240000,1.27155185,1.03689116,1084.03610694,90336.34224478,2490.43564592,311304.45574011,1788.14045894,357628.09178785,42785.87572465
Region 3,2025-03-17,240000,1.09096433,0.97020873,327.99070892,27332.55907701,235.67806593,29459.75824065,1206.05886811,241211.77362201,39436.54234405
Region 3,2025-03-24,240000,1.25661307,1.02033582,1558.34785645,129862.32137108,2668.51835981,333564.79497646,777.69302885,155538.60577049,42891.73256260
Region 3,2025-03-31,240000,1.28080581,1.10612658,873.65056356,72804.21362964,1333.63372431,166704.21553899,205.48438784,41096.87756779,40720.56976427
Region 3,2025-04-07,240000,1.14357286,0.95784399,1297.68916373,108140.76364393,981.55268819,122694.08602385,5143.90691703,1028781.38340551,44231.02252083
Region 3,2025-04-14,240000,1.18515190,1.05218504,1351.60185653,112633.48804448,1772.05686273,221507.10784100,2733.99490698,546798.98139540,43009.51255695
Region 3,2025-04-21,240000,1.25155817,1.08651907,335.63418153,27969.51512776,118.65790434,14832.23804223,1546.01109839,309202.21967872,40969.95407364
Region 3,2025-04-28,240000,1.22339023,0.98204410,1630.01651255,135834.70937928,1319.24179185,164905.22398079,1559.88859102,311977.71820340,43227.52340335
Region 3,2025-05-05,240000,1.17630650,0.95698084,1933.00902345,161084.08528776,381.59053410,47698.81676200,1212.67166296,242534.33259265,42716.10259671
Region 3,2025-05-12,240000,1.19672497,0.99096662,753.40910635,62784.09219596,902.60296654,112825.37081727,3921.64137078,784328.27415628,43395.45675023
Region 3,2025-05-19,240000,1.11892831,1.11689653,1322.24207660,110186.83971628,292.29391657,36536.73957135,2243.71535676,448743.07135196,39647.48381239
Region 3,2025-05-26,240000,0.95932283,1.06596327,840.86741764,70072.28480367,1273.26069844,159157.58730554,537.77754201,107555.50840149,39100.42895188
Region 3,2025-06-02,240000,1.02874315,1.11136761,1150.33589153,95861.32429423,585.56658233,73195.82279105,1595.88686375,319177.37275003,38786.67162257
Region 3,2025-06-09,240000,1.04654970,0.97655167,176.13419673,14677.84972763,980.47688461,122559.61057591,370.63446345,74126.89268912,39080.74769389
Region 3,2025-06-16,240000,1.02375755,0.94076402,1159.27804277,96606.50356427,1051.84680531,131480.85066332,1619.78841917,323957.68383430,39961.85022395
Region 3,2025-06-23,240000,0.99851434,0.99983665,761.76056354,63480.04696141,1569.03227564,196129.03445471,638.96219332,127792.43866339,39586.63252297
Region 3,2025-06-30,240000,0.89983008,1.02991535,1384.45322861,115371.10238457,1403.99385567,175499.23195878,975.33614151,195067.22830121,38695.80548351
Region 3,2025-07-07,240000,0.80889449,1.09896658,763.01438107,63584.53175620,3011.25202225,376406.50278086,3925.66570200,785133.14040070,38486.16445666
Region 3,2025-07-14,240000,0.92843030,1.06397515,675.30743886,56275.61990489,663.17032509,82896.29063573,1495.14775431,299029.55086182,39079.91099574
Region 3,2025-07-21,240000,0.86951464,0.92438633,571.09773917,47591.47826425,2695.79355821,336974.19477615,838.04442543,167608.88508547,40275.07122707
Region 3,2025-07-28,240000,0.88595659,1.00874790,1530.01257142,127501.04761809,1146.23120608,143278.90076011,2271.62112265,454324.22453083,39838.06267469
Region 3,2025-08-04,240000,0.97918714,0.94205375,1219.24870531,101604.05877603,270.47348126,33809.18515739,1512.26138910,302452.27781970,39824.94553214
Region 3,2025-08-11,240000,1.09552632,0.97175625,777.51874636,64793.22886334,466.04037246,58255.04655736,2591.12917122,518225.83424458,41343.60936370
Region 3,2025-08-18,240000,0.86549902,0.98001650,738.03539843,61502.94986919,257.78090493,32222.61311683,3595.18872157,719037.74431319,38635.09948497
Region 3,2025-08-25,240000,0.87378971,0.94576773,1319.70401429,109975.33452386,201.30125801,25162.65725081,2288.37446638,457674.89327659,39646.42041530
Region 3,2025-09-01,240000,0.76503905,1.05825625,1189.25208807,99104.34067257,2867.05617709,358382.02213642,878.32385253,175664.77050572,38618.11148669
Region 3,2025-09-08,240000,0.90232387,0.98698450,786.91469257,65576.22438091,538.34669426,67293.33678188,3117.17730455,623435.46090954,40577.50967758
Region 3,2025-09-15,240000,0.85685070,0.98146742,1136.14783488,94678.98623969,961.36342371,120170.42796368,970.11092625,194022.18524947,39018.24428315
Region 3,2025-09-22,240000,0.76156233,0.99602211,1096.66000936,91388.33411342,781.15938416,97644.92302014,3099.41457257,619882.91451378,38788.91177721
Region 3,2025-09-29,240000,0.92945397,0.92972084,810.01966793,67501.63899416,2801.71891736,350214.86467017,1537.87369406,307574.73881249,41638.08205512
Region 3,2025-10-06,240000,0.84923838,0.94660843,1241.82696539,103485.58044887,1835.20970414,229401.21301806,1675.97312256,335194.62451247,40694.38749739
Region 3,2025-10-13,240000,0.88145352,1.12427019,153.79521335,12816.26777928,356.74525773,44593.15721597,3613.64101032,722728.20206333,37280.85306529
Region 3,2025-10-20,240000,0.88845679,1.06728913,84.54170249,7045.14187379,1560.54105562,195067.63195215,2705.88640798,541177.28159595,38293.70169730
Region 3,2025-10-27,240000,0.79556145,0.99348659,861.08672689,71757.22724105,1113.18205071,139147.75633919,249.92838693,49985.67738670,38675.80019088
Region 3,2025-11-03,240000,0.83666482,1.00353998,803.67661369,66973.05114108,858.62733631,107328.41703848,2339.15921671,467831.84334245,39083.67913348
Region 3,2025-11-10,240000,0.84842958,1.02463911,795.63901492,66303.25124339,1667.37797009,208422.24626169,2606.09557712,521219.11542466,39368.94367906
Region 3,2025-11-17,240000,0.96797383,1.06131320,1655.23226065,137936.02172060,2360.73924446,295092.40555716,1339.28627576,267857.25515102,41544.95801873
Region 3,2025-11-24,240000,0.93027309,1.02519798,3176.76471706,264730.39308795,1776.07950975,222009.93871931,832.95230464,166590.46092856,41547.48453735
Region 3,2025-12-01,240000,0.95160741,0.92069206,515.42531416,42952.10951300,1886.11073000,235763.84124957,1399.76328139,279952.65627730,41595.97295822
Region 3,2025-12-08,240000,0.93138067,1.04541542,805.38170786,67115.14232128,1521.62017222,190202.52152747,973.08179694,194616.35938835,39587.08378618
Region 3,2025-12-15,240000,0.94806824,1.15436029,391.27326613,32606.10551116,1286.07733681,160759.66710067,2554.01047517,510802.09503376,37429.87759741
Region 3,2025-12-22,240000,0.82353498,1.05102311,976.38198971,81365.16580943,1143.21499022,142901.87377691,2039.25880358,407851.76071640,39009.57862838
Region 4,2024-01-01,280000,1.04476494,0.94507341,526.66714144,43888.92845350,1582.05106726,197756.38340779,2188.58628809,437717.25761880,42652.66047276
Region 4,2024-01-08,280000,1.01308213,0.93227419,2207.82170858,183985.14238183,1275.39166224,159423.95778028,3828.53101060,765706.20211979,45665.04003612
Region 4,2024-01-15,280000,1.03456815,0.97544464,751.54343038,62628.61919801,324.50598856,40563.24856985,702.38310977,140476.62195309,43624.95696557
Region 4,2024-01-22,280000,0.98770496,0.90923977,849.96804047,70830.67003878,868.35592833,108544.49104170,4284.19081522,856838.16304431,45590.37815121
Region 4,2024-01-29,280000,1.06042582,1.07399198,1501.53930053,125128.27504445,317.84253705,39730.31713097,1104.93754795,220987.50959026,43785.49677777
Region 4,2024-02-05,280000,1.08422306,0.96469212,331.43771276,27619.80939705,3569.61753995,446202.19249376,947.03722730,189407.44546096,45126.28055710
Region 4,2024-02-12,280000,1.09841365,0.90640213,1035.57401247,86297.83437223,1431.32094288,178915.11785964,945.99459195,189198.91839075,46873.63474444
Region 4,2024-02-19,280000,1.03303159,0.97172347,1239.88896375,103324.08031242,522.52309591,65315.38698856,8579.84834368,1715969.66873590,47116.66291226
Region 4,2024-02-26,280000,0.98968586,0.98132740,3644.60810337,303717.34194766,1160.07376869,145009.22108686,1996.88846680,399377.69336074,47620.03634909
Region 4,2024-03-04,280000,1.14912318,1.08374819,3809.86220262,317488.51688459,1739.30388645,217412.98580585,782.00505696,156401.01139284,48610.70405925
Region 4,2024-03-11,280000,1.24167973,0.99051062,1255.96904216,104664.08684682,385.58113508,48197.64188502,2542.36721545,508473.44308987,48526.20696919
Region 4,2024-03-18,280000,1.31398672,0.92737936,960.74939019,80062.44918224,2386.10371606,298262.96450763,1740.89496399,348178.99279766,50330.49747769
Region 4,2024-03-25,280000,1.10461754,0.99490391,2349.82209849,195818.50820739,2519.97596003,314996.99500358,1224.71764335,244943.52867046,48616.25424097
Region 4,2024-04-01,280000,1.18665904,0.99120375,1274.65277934,106221.06494469,1285.52768849,160690.96106110,1959.32715013,391865.43002585,47794.14927636
Region 4,2024-04-08,280000,1.15120706,1.02864682,1851.46163326,154288.46943836,1710.47630595,213809.53824424,3514.58284044,702916.56808882,48217.06358790
Region 4,2024-04-15,280000,1.12855755,0.91565907,1090.15544587,90846.28715566,1233.32974274,154166.21784263,1594.93108358,318986.21671654,48236.21522456
Region 4,2024-04-22,280000,1.16142141,0.93076005,519.55413037,43296.17753058,3630.18445707,453773.05713391,2058.06982296,411613.96459108,49322.09169198
Region 4,2024-04-29,280000,1.17617334,0.96471491,592.06862342,49339.05195191,1849.80703586,231225.87948199,1825.53405942,365106.81188403,48754.91349980
Region 4,2024-05-06,280000,1.08473962,0.79695984,637.12576542,53093.81378469,1771.51042462,221438.80307698,1839.40220320,367880.44063994,48066.39394599
Region 4,2024-05-13,280000,1.17645803,0.97163513,1113.17730329,92764.77527400,687.73896099,85967.37012356,1318.39261675,263678.52335067,47443.16356304
Region 4,2024-05-20,280000,1.07200736,0.91983193,2356.62533113,196385.44426103,1767.19218625,220899.02328094,2469.78224483,493956.44896591,47480.09744003
Region 4,2024-05-27,280000,1.06265864,1.00996905,2566.23790666,213853.15888866,3837.25963422,479657.45427691,2830.66267357,566132.53471446,48846.34555644
Region 4,2024-06-03,280000,1.04192604,0.97883683,639.28793975,53273.99497886,2522.28288761,315285.36095082,2055.97495725,411194.99144960,48160.11781985
Region 4,2024-06-10,280000,1.04346410,1.14558476,182.66678264,15222.23188652,2830.20229125,353775.28640566,2684.55097471,536910.19494297,43213.12253155
Region 4,2024-06-17,280000,0.97343952,1.02246195,1360.59005333,113382.50444454,2780.52682725,347565.85340611,1925.36606262,385073.21252429,46004.08762962
Region 4,2024-06-24,280000,1.05499825,0.95192580,2908.36431416,242363.69284645,338.49444913,42311.80614136,260.93593806,52187.18761120,47938.48998205
Region 4,2024-07-01,280000,1.01028036,0.91065662,480.92131057,40076.77588065,1910.96210143,238870.26267920,1576.40367207,315280.73441445,46425.71968831
Region 4,2024-07-08,280000,1.12341620,0.97602729,787.01069132,65584.22427653,2051.22494913,256403.11864113,954.27716593,190855.43318611,47173.03815197
Region 4,2024-07-15,280000,0.91435124,0.96897885,1789.10343453,149091.95287789,791.27707121,98909.63390165,218.64472856,43728.94571291,43753.42216438
Region 4,2024-07-22,280000,0.99613130,0.95365762,2446.95592508,203912.99375637,1397.61342118,174701.67764797,1411.98170064,282396.34012824,45562.72732877
Region 4,2024-07-29,280000,0.92053072,1.08550387,339.26580232,28272.15019312,1472.61136354,184076.42044244,888.88863428,177777.72685611,42603.41062241
Region 4,2024-08-05,280000,0.84510097,0.95373296,855.08634256,71257.19521367,3396.33731798,424542.16474793,732.60942151,146521.88430142,45194.55870161
Region 4,2024-08-12,280000,0.97978642,0.90957078,610.41942757,50868.28563113,1526.66017898,190832.52237212,962.73291466,192546.58293287,45473.77171319
Region 4,2024-08-19,280000,0.87390455,1.01179668,3187.77175019,265647.64584888,547.62977473,68453.72184152,440.15181609,88030.36321736,43803.47259872
Region 4,2024-08-26,280000,0.88328065,1.00779935,1351.81782264,112651.48521985,1123.54567058,140443.20882202,1350.54824491,270109.64898134,44193.30533703
Region 4,2024-09-02,280000,0.75100451,0.92852872,2020.49627101,168374.68925075,256.56293579,32070.36697398,2150.19419446,430038.83889262,42897.88023812
Region 4,2024-09-09,280000,0.91804294,1.08697536,643.73370088,53644.47507364,1173.85509367,146731.88670815,764.08390622,152816.78124482,43378.01518054
Region 4,2024-09-16,280000,0.86218972,1.00948076,1182.45518018,98537.93168183,5269.50521322,658688.15165301,355.77850910,71155.70182080,43823.67556451
Region 4,2024-09-23,280000,1.00768408,0.99895599,974.82580723,81235.48393555,1191.34935351,148918.66918931,670.59281312,134118.56262398,45241.23827203
Region 4,2024-09-30,280000,0.91672714,1.10326981,526.22876309,43852.39692421,1358.85761618,169857.20202266,1907.64401559,381528.80311798,42135.39702611
Region 4,2024-10-07,280000,0.83540322,0.90102068,999.15458218,83262.88184872,1830.28678595,228785.84824359,2239.35252096,447870.50419217,44646.05731751
Region 4,2024-10-14,280000,0.81643053,0.96096848,2701.91562697,225159.63558064,3294.19400359,411774.25044849,3063.85593533,612771.18706599,47001.63247744
Region 4,2024-10-21,280000,0.81278211,0.97999598,521.37805138,43448.17094805,4811.26615357,601408.26919576,1406.80609798,281361.21959638,44428.91406567
Region 4,2024-10-28,280000,0.82407892,1.06692683,943.01013454,78584.17787825,1674.56815754,209321.01969230,3152.41954033,630483.90806558,43200.17760328
Region 4,2024-11-04,280000,0.81736067,0.91898907,2066.32028265,172193.35688780,572.10432743,71513.04092828,2209.83803592,441967.60718429,46607.22517035
Region 4,2024-11-11,280000,0.78938277,1.05829985,1408.76290573,117396.90881082,784.70496629,98088.12078629,632.22821496,126445.64299208,42888.87844620
Region 4,2024-11-18,280000,0.79170774,1.01067499,895.74431999,74645.35999901,437.74575627,54718.21953384,568.54435671,113708.87134284,42528.85669736
Region 4,2024-11-25,280000,0.68942238,1.13078636,86.89084785,7240.90398711,1470.48902164,183811.12770451,1516.13535992,303227.07198463,37023.33934397
Region 4,2024-12-02,280000,0.94785211,1.02216249,681.34538932,56778.78244330,954.35740707,119294.67588353,3320.79121364,664158.24272842,43294.41865764
Region 4,2024-12-09,280000,0.93875520,0.92279894,919.95678196,76663.06516370,1568.20720661,196025.90082567,503.20289781,100640.57956220,45528.35291609
Region 4,2024-12-16,280000,0.98660882,0.93990826,372.59598463,31049.66538546,1218.74251990,152342.81498809,1085.37162998,217074.32599577,44871.95564577
Region 4,2024-12-23,280000,0.98141910,1.04003729,1176.32747685,98027.28973789,835.28995043,104411.24380413,1914.57939463,382915.87892507,44868.86616426
Region 4,2024-12-30,280000,0.84851162,1.00618062,302.60734505,25217.27875458,1826.55977301,228319.97162685,370.69512060,74139.02411942,41363.62919403
Region 4,2025-01-06,280000,1.03714645,1.05535692,1444.11363071,120342.80255894,907.73054989,113466.31873601,1393.30376878,278660.75375611,44322.99585614
Region 4,2025-01-13,280000,1.07834125,0.98546312,792.19542615,66016.28551247,1376.61673731,172077.09216350,1991.96130446,398392.26089101,46554.05753283
Region 4,2025-01-20,280000,0.88256224,1.09599155,560.89123255,46740.93604560,3918.54866813,489818.58351682,891.51754913,178303.50982691,43042.67581382
Region 4,2025-01-27,280000,1.09784595,0.89981011,753.60543910,62800.45325856,2994.10846426,374263.55803253,5185.33232899,1037066.46579839,49407.66911168
Region 4,2025-02-03,280000,1.09369359,1.08334282,772.17578878,64347.98239817,3740.89546214,467611.93276785,1894.31575569,378863.15113759,46507.67067320
Region 4,2025-02-10,280000,1.07038412,0.94765121,937.46910418,78122.42534804,1135.43110661,141928.88832601,573.63817406,114727.63481250,49367.60240501
Region 4,2025-02-17,280000,1.08835735,1.08545444,894.08395439,74506.99619892,1239.52001889,154940.00236185,1786.11550267,357223.10053376,46376.21543976
Region 4,2025-02-24,280000,1.20578262,0.91030368,393.75351271,32812.79272576,1577.58028757,197197.53594664,400.43992672,80087.98534412,49171.21586354
Region 4,2025-03-03,280000,1.23760304,0.94813059,1149.48042216,95790.03518013,391.17103855,48896.37981900,691.04554309,138209.10861807,49168.30412373
Region 4,2025-03-10,280000,1.25521987,0.91315230,3062.19712658,255183.09388143,1450.44338067,181305.42258362,1572.17182464,314434.36492805,50889.97428536
Region 4,2025-03-17,280000,1.17500029,1.07233716,2174.76269215,181230.22434582,808.48827924,101061.03490491,3820.17362184,764034.72436819,46978.84118354
Region 4,2025-03-24,280000,1.21624372,0.97731791,2615.95725230,217996.43769171,1238.87054826,154858.81853210,2421.20145864,484240.29172807,49397.40341747
Region 4,2025-03-31,280000,1.31956637,0.97699744,1203.72296756,100310.24729674,1347.01969373,168377.46171616,4222.05310943,844410.62188674,50815.10819237
Region 4,2025-04-07,280000,1.14673620,0.93977626,222.35743004,18529.78583662,1034.05847733,129257.30966663,967.78511708,193557.02341582,47863.11117655
Region 4,2025-04-14,280000,1.24452491,1.14296326,1203.38210607,100281.84217215,918.13079042,114766.34880256,2578.25700682,515651.40136477,48311.98447218
Region 4,2025-04-21,280000,1.13997567,1.16204563,1369.24879430,114104.06619206,1088.68165642,136085.20705268,3147.61134743,629522.26948621,46234.66878753
Region 4,2025-04-28,280000,1.14186416,0.95338552,721.48897390,60124.08115873,1932.94415625,241618.01953171,2677.88465368,535576.93073592,49904.69145571
Region 4,2025-05-05,280000,1.20342212,0.93874319,1153.54015974,96128.34664514,1713.95470737,214244.33842103,2497.12774445,499425.54888996,50176.27609458
Region 4,2025-05-12,280000,1.14481764,1.04960682,1529.76201546,127480.16795519,781.22221629,97652.77703599,1273.71626629,254743.25325876,47976.14847595
Region 4,2025-05-19,280000,1.12779627,0.94238416,1172.71990365,97726.65863744,1155.29714147,144412.14268356,4351.53738086,870307.47617199,49783.49559550
Region 4,2025-05-26,280000,1.08403958,1.01958374,1167.47275478,97289.39623162,2360.64144998,295080.18124803,837.98292042,167596.58408384,48014.94400083
Region 4,2025-06-02,280000,1.14484946,1.05292552,153.40918819,12784.09901584,1186.74389063,148342.98632823,1209.59498801,241918.99760122,45416.90146277
Region 4,2025-06-09,280000,0.98060467,1.22032666,1553.36589178,129447.15764868,1892.89892445,236612.36555579,2922.85641877,584571.28375416,44057.13471763
Region 4,2025-06-16,280000,1.09030971,1.05612316,1532.46832135,127705.69344568,1980.01168664,247501.46082956,1082.36624096,216473.24819234,47345.01163829
Region 4,2025-06-23,280000,0.97672981,0.99192103,502.79222249,41899.35187401,1959.07852562,244884.81570220,877.10596321,175421.19264128,47584.09715683
Region 4,2025-06-30,280000,1.05748202,0.89083340,564.86879900,47072.39991645,1361.18208541,170147.76067655,6109.79689592,1221959.37918345,50280.88127316
Region 4,2025-07-07,280000,0.97767185,0.98945690,587.58918493,48965.76541059,1053.15084415,131643.85551880,1236.75085337,247350.17067470,46639.11064318
Region 4,2025-07-14,280000,1.04564866,1.01601219,471.75932231,39313.27685951,1165.40501303,145675.62662877,3989.35263729,797870.52745713,46082.37975645
Region 4,2025-07-21,280000,0.97074801,1.11626600,744.29488134,62024.57344542,2914.29235240,364286.54404946,1454.87108757,290974.21751460,45856.17016510
Region 4,2025-07-28,280000,0.96002440,1.05846734,873.06081505,72755.06792081,827.45334070,103431.66758779,2737.07069422,547414.13884390,46566.11576483
Region 4,2025-08-04,280000,0.93272361,1.00218815,939.06424780,78255.35398293,611.27479376,76409.34922014,4171.49472746,834298.94549276,47178.93294301
Region 4,2025-08-11,280000,1.11081489,1.07055444,953.83515918,79486.26326491,219.83717073,27479.64634134,1957.43325112,391486.65022318,46687.47389598
Region 4,2025-08-18,280000,0.77097252,1.08342882,917.61378603,76467.81550243,3317.76736030,414720.92003745,3590.36678956,718073.35791124,45169.79343765
Region 4,2025-08-25,280000,0.77296226,0.93906631,1357.72182926,113143.48577174,2399.34728572,299918.41071526,1589.57630901,317915.26180237,46905.33276936
Region 4,2025-09-01,280000,0.76964445,0.95732947,2423.12169826,201926.80818796,2308.60619819,288575.77477417,3470.44381438,694088.76287666,47876.04091017
Region 4,2025-09-08,280000,0.94794733,0.91997360,742.83255575,61902.71297937,2116.12920938,264516.15117234,2808.19972842,561639.94568328,48070.68953810
Region 4,2025-09-15,280000,0.89447495,1.06458062,1882.44066759,156870.05563259,519.09564509,64886.95563605,413.83218326,82766.43665109,46652.28980832
Region 4,2025-09-22,280000,0.88909044,1.05874008,408.85111212,34070.92601023,2571.04509251,321380.63656352,4880.92019257,976184.03851444,45184.71777228
Region 4,2025-09-29,280000,0.74930698,1.02957265,1532.89376416,127741.14701314,1611.87225050,201484.03131311,2825.70809458,565141.61891585,45523.18009934
Region 4,2025-10-06,280000,0.67098600,0.94117728,661.07489528,55089.57460648,853.81143283,106726.42910323,441.76312135,88352.62426970,44309.06184717
Region 4,2025-10-13,280000,0.87151419,1.07255587,1498.29915169,124858.26264108,2283.03067073,285378.83384150,4944.19828044,988839.65608839,46270.66073566
Region 4,2025-10-20,280000,0.81597319,0.95712534,2137.17994686,178098.32890502,2025.37433121,253171.79140155,2356.11553935,471223.10786917,48406.26172021
Region 4,2025-10-27,280000,0.88180797,1.01987106,419.04101943,34920.08495245,1741.29231182,217661.53897793,3912.27967334,782455.93466706,45223.39980660
Region 4,2025-11-03,280000,0.64160563,0.87006750,1343.00563656,111917.13638036,640.95220949,80119.02618647,1611.61280701,322322.56140277,45745.30797439
Region 4,2025-11-10,280000,0.81149885,0.92607653,1268.12710413,105677.25867782,881.56770587,110195.96323395,1481.66349922,296332.69984303,47195.83406927
Region 4,2025-11-17,280000,0.82692260,0.94287083,700.44309653,58370.25804382,3325.81097242,415726.37155227,3147.72662874,629545.32574724,47112.41298639
Region 4,2025-11-24,280000,0.88660424,0.94716148,1059.70199957,88308.49996402,800.66295364,100082.86920485,639.65752893,127931.50578676,48070.71617287
Region 4,2025-12-01,280000,0.95136518,1.01131367,981.67928648,81806.60720642,1004.60099918,125575.12489694,516.24366291,103248.73258272,45769.86546600
Region 4,2025-12-08,280000,0.85812490,0.98119656,839.47936224,69956.61352023,1003.88086256,125485.10782035,434.55169113,86910.33822534,45219.82050867
Region 4,2025-12-15,280000,0.99171543,1.03135115,2046.56782748,170547.31895659,472.18946983,59023.68372820,2520.98913065,504197.82612934,46746.49386614
Region 4,2025-12-22,280000,0.99257922,1.06319987,1169.95747739,97496.45644948,904.78024897,113097.53112084,862.60551533,172521.10306637,46343.38401113
